[2026-07-07 08:59:23] production.ERROR: Token has expired and can no longer be refreshed {"userId":23243,"exception":"[object] (PHPOpenSourceSaver\\JWTAuth\\Exceptions\\TokenExpiredException(code: 0): Token has expired and can no longer be refreshed at /home/velriders/htdocs/velriders.com/vendor/php-open-source-saver/jwt-auth/src/Claims/IssuedAt.php:48)
[stacktrace]
#0 [internal function]: PHPOpenSourceSaver\\JWTAuth\\Claims\\IssuedAt->validateRefresh()
#1 /home/velriders/htdocs/velriders.com/vendor/php-open-source-saver/jwt-auth/src/Claims/Collection.php(57): call_user_func_array()
#2 /home/velriders/htdocs/velriders.com/vendor/laravel/framework/src/Illuminate/Collections/Traits/EnumeratesValues.php(240): PHPOpenSourceSaver\\JWTAuth\\Claims\\Collection->PHPOpenSourceSaver\\JWTAuth\\Claims\\{closure}()
#3 /home/velriders/htdocs/velriders.com/vendor/php-open-source-saver/jwt-auth/src/Claims/Collection.php(56): Illuminate\\Support\\Collection->each()
#4 /home/velriders/htdocs/velriders.com/vendor/php-open-source-saver/jwt-auth/src/Validators/PayloadValidator.php(92): PHPOpenSourceSaver\\JWTAuth\\Claims\\Collection->validate()
#5 /home/velriders/htdocs/velriders.com/vendor/php-open-source-saver/jwt-auth/src/Validators/PayloadValidator.php(52): PHPOpenSourceSaver\\JWTAuth\\Validators\\PayloadValidator->validateRefresh()
#6 /home/velriders/htdocs/velriders.com/vendor/php-open-source-saver/jwt-auth/src/Payload.php(42): PHPOpenSourceSaver\\JWTAuth\\Validators\\PayloadValidator->check()
#7 /home/velriders/htdocs/velriders.com/vendor/php-open-source-saver/jwt-auth/src/Factory.php(179): PHPOpenSourceSaver\\JWTAuth\\Payload->__construct()
#8 /home/velriders/htdocs/velriders.com/vendor/php-open-source-saver/jwt-auth/src/Factory.php(86): PHPOpenSourceSaver\\JWTAuth\\Factory->withClaims()
#9 /home/velriders/htdocs/velriders.com/vendor/php-open-source-saver/jwt-auth/src/Manager.php(107): PHPOpenSourceSaver\\JWTAuth\\Factory->make()
#10 /home/velriders/htdocs/velriders.com/vendor/php-open-source-saver/jwt-auth/src/Manager.php(133): PHPOpenSourceSaver\\JWTAuth\\Manager->decode()
#11 /home/velriders/htdocs/velriders.com/vendor/php-open-source-saver/jwt-auth/src/JWT.php(99): PHPOpenSourceSaver\\JWTAuth\\Manager->refresh()
#12 /home/velriders/htdocs/velriders.com/vendor/php-open-source-saver/jwt-auth/src/JWTGuard.php(225): PHPOpenSourceSaver\\JWTAuth\\JWT->refresh()
#13 /home/velriders/htdocs/velriders.com/app/Http/Controllers/FrontAppApis/V1/CustomerController.php(1231): PHPOpenSourceSaver\\JWTAuth\\JWTGuard->refresh()
#14 /home/velriders/htdocs/velriders.com/vendor/laravel/framework/src/Illuminate/Routing/Controller.php(54): App\\Http\\Controllers\\FrontAppApis\\V1\\CustomerController->refresh()
#15 /home/velriders/htdocs/velriders.com/vendor/laravel/framework/src/Illuminate/Routing/ControllerDispatcher.php(43): Illuminate\\Routing\\Controller->callAction()
#16 /home/velriders/htdocs/velriders.com/vendor/laravel/framework/src/Illuminate/Routing/Route.php(259): Illuminate\\Routing\\ControllerDispatcher->dispatch()
#17 /home/velriders/htdocs/velriders.com/vendor/laravel/framework/src/Illuminate/Routing/Route.php(205): Illuminate\\Routing\\Route->runController()
#18 /home/velriders/htdocs/velriders.com/vendor/laravel/framework/src/Illuminate/Routing/Router.php(806): Illuminate\\Routing\\Route->run()
#19 /home/velriders/htdocs/velriders.com/vendor/laravel/framework/src/Illuminate/Pipeline/Pipeline.php(144): Illuminate\\Routing\\Router->Illuminate\\Routing\\{closure}()
#20 /home/velriders/htdocs/velriders.com/vendor/laravel/framework/src/Illuminate/Routing/Middleware/SubstituteBindings.php(50): Illuminate\\Pipeline\\Pipeline->Illuminate\\Pipeline\\{closure}()
#21 /home/velriders/htdocs/velriders.com/vendor/laravel/framework/src/Illuminate/Pipeline/Pipeline.php(183): Illuminate\\Routing\\Middleware\\SubstituteBindings->handle()
#22 /home/velriders/htdocs/velriders.com/vendor/laravel/framework/src/Illuminate/Routing/Middleware/ThrottleRequests.php(159): Illuminate\\Pipeline\\Pipeline->Illuminate\\Pipeline\\{closure}()
#23 /home/velriders/htdocs/velriders.com/vendor/laravel/framework/src/Illuminate/Routing/Middleware/ThrottleRequests.php(90): Illuminate\\Routing\\Middleware\\ThrottleRequests->handleRequest()
#24 /home/velriders/htdocs/velriders.com/vendor/laravel/framework/src/Illuminate/Pipeline/Pipeline.php(183): Illuminate\\Routing\\Middleware\\ThrottleRequests->handle()
#25 /home/velriders/htdocs/velriders.com/vendor/laravel/framework/src/Illuminate/Auth/Middleware/Authenticate.php(57): Illuminate\\Pipeline\\Pipeline->Illuminate\\Pipeline\\{closure}()
#26 /home/velriders/htdocs/velriders.com/vendor/laravel/framework/src/Illuminate/Pipeline/Pipeline.php(183): Illuminate\\Auth\\Middleware\\Authenticate->handle()
#27 /home/velriders/htdocs/velriders.com/vendor/laravel/framework/src/Illuminate/Session/Middleware/StartSession.php(121): Illuminate\\Pipeline\\Pipeline->Illuminate\\Pipeline\\{closure}()
#28 /home/velriders/htdocs/velriders.com/vendor/laravel/framework/src/Illuminate/Session/Middleware/StartSession.php(64): Illuminate\\Session\\Middleware\\StartSession->handleStatefulRequest()
#29 /home/velriders/htdocs/velriders.com/vendor/laravel/framework/src/Illuminate/Pipeline/Pipeline.php(183): Illuminate\\Session\\Middleware\\StartSession->handle()
#30 /home/velriders/htdocs/velriders.com/vendor/laravel/framework/src/Illuminate/Pipeline/Pipeline.php(119): Illuminate\\Pipeline\\Pipeline->Illuminate\\Pipeline\\{closure}()
#31 /home/velriders/htdocs/velriders.com/vendor/laravel/framework/src/Illuminate/Routing/Router.php(805): Illuminate\\Pipeline\\Pipeline->then()
#32 /home/velriders/htdocs/velriders.com/vendor/laravel/framework/src/Illuminate/Routing/Router.php(784): Illuminate\\Routing\\Router->runRouteWithinStack()
#33 /home/velriders/htdocs/velriders.com/vendor/laravel/framework/src/Illuminate/Routing/Router.php(748): Illuminate\\Routing\\Router->runRoute()
#34 /home/velriders/htdocs/velriders.com/vendor/laravel/framework/src/Illuminate/Routing/Router.php(737): Illuminate\\Routing\\Router->dispatchToRoute()
#35 /home/velriders/htdocs/velriders.com/vendor/laravel/framework/src/Illuminate/Foundation/Http/Kernel.php(200): Illuminate\\Routing\\Router->dispatch()
#36 /home/velriders/htdocs/velriders.com/vendor/laravel/framework/src/Illuminate/Pipeline/Pipeline.php(144): Illuminate\\Foundation\\Http\\Kernel->Illuminate\\Foundation\\Http\\{closure}()
#37 /home/velriders/htdocs/velriders.com/vendor/laravel/framework/src/Illuminate/Foundation/Http/Middleware/TransformsRequest.php(21): Illuminate\\Pipeline\\Pipeline->Illuminate\\Pipeline\\{closure}()
#38 /home/velriders/htdocs/velriders.com/vendor/laravel/framework/src/Illuminate/Foundation/Http/Middleware/ConvertEmptyStringsToNull.php(31): Illuminate\\Foundation\\Http\\Middleware\\TransformsRequest->handle()
#39 /home/velriders/htdocs/velriders.com/vendor/laravel/framework/src/Illuminate/Pipeline/Pipeline.php(183): Illuminate\\Foundation\\Http\\Middleware\\ConvertEmptyStringsToNull->handle()
#40 /home/velriders/htdocs/velriders.com/vendor/laravel/framework/src/Illuminate/Foundation/Http/Middleware/TransformsRequest.php(21): Illuminate\\Pipeline\\Pipeline->Illuminate\\Pipeline\\{closure}()
#41 /home/velriders/htdocs/velriders.com/vendor/laravel/framework/src/Illuminate/Foundation/Http/Middleware/TrimStrings.php(40): Illuminate\\Foundation\\Http\\Middleware\\TransformsRequest->handle()
#42 /home/velriders/htdocs/velriders.com/vendor/laravel/framework/src/Illuminate/Pipeline/Pipeline.php(183): Illuminate\\Foundation\\Http\\Middleware\\TrimStrings->handle()
#43 /home/velriders/htdocs/velriders.com/vendor/laravel/framework/src/Illuminate/Foundation/Http/Middleware/ValidatePostSize.php(27): Illuminate\\Pipeline\\Pipeline->Illuminate\\Pipeline\\{closure}()
#44 /home/velriders/htdocs/velriders.com/vendor/laravel/framework/src/Illuminate/Pipeline/Pipeline.php(183): Illuminate\\Foundation\\Http\\Middleware\\ValidatePostSize->handle()
#45 /home/velriders/htdocs/velriders.com/vendor/laravel/framework/src/Illuminate/Foundation/Http/Middleware/PreventRequestsDuringMaintenance.php(99): Illuminate\\Pipeline\\Pipeline->Illuminate\\Pipeline\\{closure}()
#46 /home/velriders/htdocs/velriders.com/vendor/laravel/framework/src/Illuminate/Pipeline/Pipeline.php(183): Illuminate\\Foundation\\Http\\Middleware\\PreventRequestsDuringMaintenance->handle()
#47 /home/velriders/htdocs/velriders.com/vendor/laravel/framework/src/Illuminate/Http/Middleware/HandleCors.php(62): Illuminate\\Pipeline\\Pipeline->Illuminate\\Pipeline\\{closure}()
#48 /home/velriders/htdocs/velriders.com/vendor/laravel/framework/src/Illuminate/Pipeline/Pipeline.php(183): Illuminate\\Http\\Middleware\\HandleCors->handle()
#49 /home/velriders/htdocs/velriders.com/vendor/laravel/framework/src/Illuminate/Http/Middleware/TrustProxies.php(39): Illuminate\\Pipeline\\Pipeline->Illuminate\\Pipeline\\{closure}()
#50 /home/velriders/htdocs/velriders.com/vendor/laravel/framework/src/Illuminate/Pipeline/Pipeline.php(183): Illuminate\\Http\\Middleware\\TrustProxies->handle()
#51 /home/velriders/htdocs/velriders.com/vendor/laravel/framework/src/Illuminate/Pipeline/Pipeline.php(119): Illuminate\\Pipeline\\Pipeline->Illuminate\\Pipeline\\{closure}()
#52 /home/velriders/htdocs/velriders.com/vendor/laravel/framework/src/Illuminate/Foundation/Http/Kernel.php(175): Illuminate\\Pipeline\\Pipeline->then()
#53 /home/velriders/htdocs/velriders.com/vendor/laravel/framework/src/Illuminate/Foundation/Http/Kernel.php(144): Illuminate\\Foundation\\Http\\Kernel->sendRequestThroughRouter()
#54 /home/velriders/htdocs/velriders.com/public/index.php(51): Illuminate\\Foundation\\Http\\Kernel->handle()
#55 {main}
"} 
[2026-07-07 12:32:44] production.ERROR: Token has expired and can no longer be refreshed {"userId":19738,"exception":"[object] (PHPOpenSourceSaver\\JWTAuth\\Exceptions\\TokenExpiredException(code: 0): Token has expired and can no longer be refreshed at /home/velriders/htdocs/velriders.com/vendor/php-open-source-saver/jwt-auth/src/Claims/IssuedAt.php:48)
[stacktrace]
#0 [internal function]: PHPOpenSourceSaver\\JWTAuth\\Claims\\IssuedAt->validateRefresh()
#1 /home/velriders/htdocs/velriders.com/vendor/php-open-source-saver/jwt-auth/src/Claims/Collection.php(57): call_user_func_array()
#2 /home/velriders/htdocs/velriders.com/vendor/laravel/framework/src/Illuminate/Collections/Traits/EnumeratesValues.php(240): PHPOpenSourceSaver\\JWTAuth\\Claims\\Collection->PHPOpenSourceSaver\\JWTAuth\\Claims\\{closure}()
#3 /home/velriders/htdocs/velriders.com/vendor/php-open-source-saver/jwt-auth/src/Claims/Collection.php(56): Illuminate\\Support\\Collection->each()
#4 /home/velriders/htdocs/velriders.com/vendor/php-open-source-saver/jwt-auth/src/Validators/PayloadValidator.php(92): PHPOpenSourceSaver\\JWTAuth\\Claims\\Collection->validate()
#5 /home/velriders/htdocs/velriders.com/vendor/php-open-source-saver/jwt-auth/src/Validators/PayloadValidator.php(52): PHPOpenSourceSaver\\JWTAuth\\Validators\\PayloadValidator->validateRefresh()
#6 /home/velriders/htdocs/velriders.com/vendor/php-open-source-saver/jwt-auth/src/Payload.php(42): PHPOpenSourceSaver\\JWTAuth\\Validators\\PayloadValidator->check()
#7 /home/velriders/htdocs/velriders.com/vendor/php-open-source-saver/jwt-auth/src/Factory.php(179): PHPOpenSourceSaver\\JWTAuth\\Payload->__construct()
#8 /home/velriders/htdocs/velriders.com/vendor/php-open-source-saver/jwt-auth/src/Factory.php(86): PHPOpenSourceSaver\\JWTAuth\\Factory->withClaims()
#9 /home/velriders/htdocs/velriders.com/vendor/php-open-source-saver/jwt-auth/src/Manager.php(107): PHPOpenSourceSaver\\JWTAuth\\Factory->make()
#10 /home/velriders/htdocs/velriders.com/vendor/php-open-source-saver/jwt-auth/src/Manager.php(133): PHPOpenSourceSaver\\JWTAuth\\Manager->decode()
#11 /home/velriders/htdocs/velriders.com/vendor/php-open-source-saver/jwt-auth/src/JWT.php(99): PHPOpenSourceSaver\\JWTAuth\\Manager->refresh()
#12 /home/velriders/htdocs/velriders.com/vendor/php-open-source-saver/jwt-auth/src/JWTGuard.php(225): PHPOpenSourceSaver\\JWTAuth\\JWT->refresh()
#13 /home/velriders/htdocs/velriders.com/app/Http/Controllers/FrontAppApis/V1/CustomerController.php(1231): PHPOpenSourceSaver\\JWTAuth\\JWTGuard->refresh()
#14 /home/velriders/htdocs/velriders.com/vendor/laravel/framework/src/Illuminate/Routing/Controller.php(54): App\\Http\\Controllers\\FrontAppApis\\V1\\CustomerController->refresh()
#15 /home/velriders/htdocs/velriders.com/vendor/laravel/framework/src/Illuminate/Routing/ControllerDispatcher.php(43): Illuminate\\Routing\\Controller->callAction()
#16 /home/velriders/htdocs/velriders.com/vendor/laravel/framework/src/Illuminate/Routing/Route.php(259): Illuminate\\Routing\\ControllerDispatcher->dispatch()
#17 /home/velriders/htdocs/velriders.com/vendor/laravel/framework/src/Illuminate/Routing/Route.php(205): Illuminate\\Routing\\Route->runController()
#18 /home/velriders/htdocs/velriders.com/vendor/laravel/framework/src/Illuminate/Routing/Router.php(806): Illuminate\\Routing\\Route->run()
#19 /home/velriders/htdocs/velriders.com/vendor/laravel/framework/src/Illuminate/Pipeline/Pipeline.php(144): Illuminate\\Routing\\Router->Illuminate\\Routing\\{closure}()
#20 /home/velriders/htdocs/velriders.com/vendor/laravel/framework/src/Illuminate/Routing/Middleware/SubstituteBindings.php(50): Illuminate\\Pipeline\\Pipeline->Illuminate\\Pipeline\\{closure}()
#21 /home/velriders/htdocs/velriders.com/vendor/laravel/framework/src/Illuminate/Pipeline/Pipeline.php(183): Illuminate\\Routing\\Middleware\\SubstituteBindings->handle()
#22 /home/velriders/htdocs/velriders.com/vendor/laravel/framework/src/Illuminate/Routing/Middleware/ThrottleRequests.php(159): Illuminate\\Pipeline\\Pipeline->Illuminate\\Pipeline\\{closure}()
#23 /home/velriders/htdocs/velriders.com/vendor/laravel/framework/src/Illuminate/Routing/Middleware/ThrottleRequests.php(90): Illuminate\\Routing\\Middleware\\ThrottleRequests->handleRequest()
#24 /home/velriders/htdocs/velriders.com/vendor/laravel/framework/src/Illuminate/Pipeline/Pipeline.php(183): Illuminate\\Routing\\Middleware\\ThrottleRequests->handle()
#25 /home/velriders/htdocs/velriders.com/vendor/laravel/framework/src/Illuminate/Auth/Middleware/Authenticate.php(57): Illuminate\\Pipeline\\Pipeline->Illuminate\\Pipeline\\{closure}()
#26 /home/velriders/htdocs/velriders.com/vendor/laravel/framework/src/Illuminate/Pipeline/Pipeline.php(183): Illuminate\\Auth\\Middleware\\Authenticate->handle()
#27 /home/velriders/htdocs/velriders.com/vendor/laravel/framework/src/Illuminate/Session/Middleware/StartSession.php(121): Illuminate\\Pipeline\\Pipeline->Illuminate\\Pipeline\\{closure}()
#28 /home/velriders/htdocs/velriders.com/vendor/laravel/framework/src/Illuminate/Session/Middleware/StartSession.php(64): Illuminate\\Session\\Middleware\\StartSession->handleStatefulRequest()
#29 /home/velriders/htdocs/velriders.com/vendor/laravel/framework/src/Illuminate/Pipeline/Pipeline.php(183): Illuminate\\Session\\Middleware\\StartSession->handle()
#30 /home/velriders/htdocs/velriders.com/vendor/laravel/framework/src/Illuminate/Pipeline/Pipeline.php(119): Illuminate\\Pipeline\\Pipeline->Illuminate\\Pipeline\\{closure}()
#31 /home/velriders/htdocs/velriders.com/vendor/laravel/framework/src/Illuminate/Routing/Router.php(805): Illuminate\\Pipeline\\Pipeline->then()
#32 /home/velriders/htdocs/velriders.com/vendor/laravel/framework/src/Illuminate/Routing/Router.php(784): Illuminate\\Routing\\Router->runRouteWithinStack()
#33 /home/velriders/htdocs/velriders.com/vendor/laravel/framework/src/Illuminate/Routing/Router.php(748): Illuminate\\Routing\\Router->runRoute()
#34 /home/velriders/htdocs/velriders.com/vendor/laravel/framework/src/Illuminate/Routing/Router.php(737): Illuminate\\Routing\\Router->dispatchToRoute()
#35 /home/velriders/htdocs/velriders.com/vendor/laravel/framework/src/Illuminate/Foundation/Http/Kernel.php(200): Illuminate\\Routing\\Router->dispatch()
#36 /home/velriders/htdocs/velriders.com/vendor/laravel/framework/src/Illuminate/Pipeline/Pipeline.php(144): Illuminate\\Foundation\\Http\\Kernel->Illuminate\\Foundation\\Http\\{closure}()
#37 /home/velriders/htdocs/velriders.com/vendor/laravel/framework/src/Illuminate/Foundation/Http/Middleware/TransformsRequest.php(21): Illuminate\\Pipeline\\Pipeline->Illuminate\\Pipeline\\{closure}()
#38 /home/velriders/htdocs/velriders.com/vendor/laravel/framework/src/Illuminate/Foundation/Http/Middleware/ConvertEmptyStringsToNull.php(31): Illuminate\\Foundation\\Http\\Middleware\\TransformsRequest->handle()
#39 /home/velriders/htdocs/velriders.com/vendor/laravel/framework/src/Illuminate/Pipeline/Pipeline.php(183): Illuminate\\Foundation\\Http\\Middleware\\ConvertEmptyStringsToNull->handle()
#40 /home/velriders/htdocs/velriders.com/vendor/laravel/framework/src/Illuminate/Foundation/Http/Middleware/TransformsRequest.php(21): Illuminate\\Pipeline\\Pipeline->Illuminate\\Pipeline\\{closure}()
#41 /home/velriders/htdocs/velriders.com/vendor/laravel/framework/src/Illuminate/Foundation/Http/Middleware/TrimStrings.php(40): Illuminate\\Foundation\\Http\\Middleware\\TransformsRequest->handle()
#42 /home/velriders/htdocs/velriders.com/vendor/laravel/framework/src/Illuminate/Pipeline/Pipeline.php(183): Illuminate\\Foundation\\Http\\Middleware\\TrimStrings->handle()
#43 /home/velriders/htdocs/velriders.com/vendor/laravel/framework/src/Illuminate/Foundation/Http/Middleware/ValidatePostSize.php(27): Illuminate\\Pipeline\\Pipeline->Illuminate\\Pipeline\\{closure}()
#44 /home/velriders/htdocs/velriders.com/vendor/laravel/framework/src/Illuminate/Pipeline/Pipeline.php(183): Illuminate\\Foundation\\Http\\Middleware\\ValidatePostSize->handle()
#45 /home/velriders/htdocs/velriders.com/vendor/laravel/framework/src/Illuminate/Foundation/Http/Middleware/PreventRequestsDuringMaintenance.php(99): Illuminate\\Pipeline\\Pipeline->Illuminate\\Pipeline\\{closure}()
#46 /home/velriders/htdocs/velriders.com/vendor/laravel/framework/src/Illuminate/Pipeline/Pipeline.php(183): Illuminate\\Foundation\\Http\\Middleware\\PreventRequestsDuringMaintenance->handle()
#47 /home/velriders/htdocs/velriders.com/vendor/laravel/framework/src/Illuminate/Http/Middleware/HandleCors.php(62): Illuminate\\Pipeline\\Pipeline->Illuminate\\Pipeline\\{closure}()
#48 /home/velriders/htdocs/velriders.com/vendor/laravel/framework/src/Illuminate/Pipeline/Pipeline.php(183): Illuminate\\Http\\Middleware\\HandleCors->handle()
#49 /home/velriders/htdocs/velriders.com/vendor/laravel/framework/src/Illuminate/Http/Middleware/TrustProxies.php(39): Illuminate\\Pipeline\\Pipeline->Illuminate\\Pipeline\\{closure}()
#50 /home/velriders/htdocs/velriders.com/vendor/laravel/framework/src/Illuminate/Pipeline/Pipeline.php(183): Illuminate\\Http\\Middleware\\TrustProxies->handle()
#51 /home/velriders/htdocs/velriders.com/vendor/laravel/framework/src/Illuminate/Pipeline/Pipeline.php(119): Illuminate\\Pipeline\\Pipeline->Illuminate\\Pipeline\\{closure}()
#52 /home/velriders/htdocs/velriders.com/vendor/laravel/framework/src/Illuminate/Foundation/Http/Kernel.php(175): Illuminate\\Pipeline\\Pipeline->then()
#53 /home/velriders/htdocs/velriders.com/vendor/laravel/framework/src/Illuminate/Foundation/Http/Kernel.php(144): Illuminate\\Foundation\\Http\\Kernel->sendRequestThroughRouter()
#54 /home/velriders/htdocs/velriders.com/public/index.php(51): Illuminate\\Foundation\\Http\\Kernel->handle()
#55 {main}
"} 
[2026-07-07 13:20:58] production.ERROR: Token has expired and can no longer be refreshed {"userId":23058,"exception":"[object] (PHPOpenSourceSaver\\JWTAuth\\Exceptions\\TokenExpiredException(code: 0): Token has expired and can no longer be refreshed at /home/velriders/htdocs/velriders.com/vendor/php-open-source-saver/jwt-auth/src/Claims/IssuedAt.php:48)
[stacktrace]
#0 [internal function]: PHPOpenSourceSaver\\JWTAuth\\Claims\\IssuedAt->validateRefresh()
#1 /home/velriders/htdocs/velriders.com/vendor/php-open-source-saver/jwt-auth/src/Claims/Collection.php(57): call_user_func_array()
#2 /home/velriders/htdocs/velriders.com/vendor/laravel/framework/src/Illuminate/Collections/Traits/EnumeratesValues.php(240): PHPOpenSourceSaver\\JWTAuth\\Claims\\Collection->PHPOpenSourceSaver\\JWTAuth\\Claims\\{closure}()
#3 /home/velriders/htdocs/velriders.com/vendor/php-open-source-saver/jwt-auth/src/Claims/Collection.php(56): Illuminate\\Support\\Collection->each()
#4 /home/velriders/htdocs/velriders.com/vendor/php-open-source-saver/jwt-auth/src/Validators/PayloadValidator.php(92): PHPOpenSourceSaver\\JWTAuth\\Claims\\Collection->validate()
#5 /home/velriders/htdocs/velriders.com/vendor/php-open-source-saver/jwt-auth/src/Validators/PayloadValidator.php(52): PHPOpenSourceSaver\\JWTAuth\\Validators\\PayloadValidator->validateRefresh()
#6 /home/velriders/htdocs/velriders.com/vendor/php-open-source-saver/jwt-auth/src/Payload.php(42): PHPOpenSourceSaver\\JWTAuth\\Validators\\PayloadValidator->check()
#7 /home/velriders/htdocs/velriders.com/vendor/php-open-source-saver/jwt-auth/src/Factory.php(179): PHPOpenSourceSaver\\JWTAuth\\Payload->__construct()
#8 /home/velriders/htdocs/velriders.com/vendor/php-open-source-saver/jwt-auth/src/Factory.php(86): PHPOpenSourceSaver\\JWTAuth\\Factory->withClaims()
#9 /home/velriders/htdocs/velriders.com/vendor/php-open-source-saver/jwt-auth/src/Manager.php(107): PHPOpenSourceSaver\\JWTAuth\\Factory->make()
#10 /home/velriders/htdocs/velriders.com/vendor/php-open-source-saver/jwt-auth/src/Manager.php(133): PHPOpenSourceSaver\\JWTAuth\\Manager->decode()
#11 /home/velriders/htdocs/velriders.com/vendor/php-open-source-saver/jwt-auth/src/JWT.php(99): PHPOpenSourceSaver\\JWTAuth\\Manager->refresh()
#12 /home/velriders/htdocs/velriders.com/vendor/php-open-source-saver/jwt-auth/src/JWTGuard.php(225): PHPOpenSourceSaver\\JWTAuth\\JWT->refresh()
#13 /home/velriders/htdocs/velriders.com/app/Http/Controllers/FrontAppApis/V1/CustomerController.php(1231): PHPOpenSourceSaver\\JWTAuth\\JWTGuard->refresh()
#14 /home/velriders/htdocs/velriders.com/vendor/laravel/framework/src/Illuminate/Routing/Controller.php(54): App\\Http\\Controllers\\FrontAppApis\\V1\\CustomerController->refresh()
#15 /home/velriders/htdocs/velriders.com/vendor/laravel/framework/src/Illuminate/Routing/ControllerDispatcher.php(43): Illuminate\\Routing\\Controller->callAction()
#16 /home/velriders/htdocs/velriders.com/vendor/laravel/framework/src/Illuminate/Routing/Route.php(259): Illuminate\\Routing\\ControllerDispatcher->dispatch()
#17 /home/velriders/htdocs/velriders.com/vendor/laravel/framework/src/Illuminate/Routing/Route.php(205): Illuminate\\Routing\\Route->runController()
#18 /home/velriders/htdocs/velriders.com/vendor/laravel/framework/src/Illuminate/Routing/Router.php(806): Illuminate\\Routing\\Route->run()
#19 /home/velriders/htdocs/velriders.com/vendor/laravel/framework/src/Illuminate/Pipeline/Pipeline.php(144): Illuminate\\Routing\\Router->Illuminate\\Routing\\{closure}()
#20 /home/velriders/htdocs/velriders.com/vendor/laravel/framework/src/Illuminate/Routing/Middleware/SubstituteBindings.php(50): Illuminate\\Pipeline\\Pipeline->Illuminate\\Pipeline\\{closure}()
#21 /home/velriders/htdocs/velriders.com/vendor/laravel/framework/src/Illuminate/Pipeline/Pipeline.php(183): Illuminate\\Routing\\Middleware\\SubstituteBindings->handle()
#22 /home/velriders/htdocs/velriders.com/vendor/laravel/framework/src/Illuminate/Routing/Middleware/ThrottleRequests.php(159): Illuminate\\Pipeline\\Pipeline->Illuminate\\Pipeline\\{closure}()
#23 /home/velriders/htdocs/velriders.com/vendor/laravel/framework/src/Illuminate/Routing/Middleware/ThrottleRequests.php(90): Illuminate\\Routing\\Middleware\\ThrottleRequests->handleRequest()
#24 /home/velriders/htdocs/velriders.com/vendor/laravel/framework/src/Illuminate/Pipeline/Pipeline.php(183): Illuminate\\Routing\\Middleware\\ThrottleRequests->handle()
#25 /home/velriders/htdocs/velriders.com/vendor/laravel/framework/src/Illuminate/Auth/Middleware/Authenticate.php(57): Illuminate\\Pipeline\\Pipeline->Illuminate\\Pipeline\\{closure}()
#26 /home/velriders/htdocs/velriders.com/vendor/laravel/framework/src/Illuminate/Pipeline/Pipeline.php(183): Illuminate\\Auth\\Middleware\\Authenticate->handle()
#27 /home/velriders/htdocs/velriders.com/vendor/laravel/framework/src/Illuminate/Session/Middleware/StartSession.php(121): Illuminate\\Pipeline\\Pipeline->Illuminate\\Pipeline\\{closure}()
#28 /home/velriders/htdocs/velriders.com/vendor/laravel/framework/src/Illuminate/Session/Middleware/StartSession.php(64): Illuminate\\Session\\Middleware\\StartSession->handleStatefulRequest()
#29 /home/velriders/htdocs/velriders.com/vendor/laravel/framework/src/Illuminate/Pipeline/Pipeline.php(183): Illuminate\\Session\\Middleware\\StartSession->handle()
#30 /home/velriders/htdocs/velriders.com/vendor/laravel/framework/src/Illuminate/Pipeline/Pipeline.php(119): Illuminate\\Pipeline\\Pipeline->Illuminate\\Pipeline\\{closure}()
#31 /home/velriders/htdocs/velriders.com/vendor/laravel/framework/src/Illuminate/Routing/Router.php(805): Illuminate\\Pipeline\\Pipeline->then()
#32 /home/velriders/htdocs/velriders.com/vendor/laravel/framework/src/Illuminate/Routing/Router.php(784): Illuminate\\Routing\\Router->runRouteWithinStack()
#33 /home/velriders/htdocs/velriders.com/vendor/laravel/framework/src/Illuminate/Routing/Router.php(748): Illuminate\\Routing\\Router->runRoute()
#34 /home/velriders/htdocs/velriders.com/vendor/laravel/framework/src/Illuminate/Routing/Router.php(737): Illuminate\\Routing\\Router->dispatchToRoute()
#35 /home/velriders/htdocs/velriders.com/vendor/laravel/framework/src/Illuminate/Foundation/Http/Kernel.php(200): Illuminate\\Routing\\Router->dispatch()
#36 /home/velriders/htdocs/velriders.com/vendor/laravel/framework/src/Illuminate/Pipeline/Pipeline.php(144): Illuminate\\Foundation\\Http\\Kernel->Illuminate\\Foundation\\Http\\{closure}()
#37 /home/velriders/htdocs/velriders.com/vendor/laravel/framework/src/Illuminate/Foundation/Http/Middleware/TransformsRequest.php(21): Illuminate\\Pipeline\\Pipeline->Illuminate\\Pipeline\\{closure}()
#38 /home/velriders/htdocs/velriders.com/vendor/laravel/framework/src/Illuminate/Foundation/Http/Middleware/ConvertEmptyStringsToNull.php(31): Illuminate\\Foundation\\Http\\Middleware\\TransformsRequest->handle()
#39 /home/velriders/htdocs/velriders.com/vendor/laravel/framework/src/Illuminate/Pipeline/Pipeline.php(183): Illuminate\\Foundation\\Http\\Middleware\\ConvertEmptyStringsToNull->handle()
#40 /home/velriders/htdocs/velriders.com/vendor/laravel/framework/src/Illuminate/Foundation/Http/Middleware/TransformsRequest.php(21): Illuminate\\Pipeline\\Pipeline->Illuminate\\Pipeline\\{closure}()
#41 /home/velriders/htdocs/velriders.com/vendor/laravel/framework/src/Illuminate/Foundation/Http/Middleware/TrimStrings.php(40): Illuminate\\Foundation\\Http\\Middleware\\TransformsRequest->handle()
#42 /home/velriders/htdocs/velriders.com/vendor/laravel/framework/src/Illuminate/Pipeline/Pipeline.php(183): Illuminate\\Foundation\\Http\\Middleware\\TrimStrings->handle()
#43 /home/velriders/htdocs/velriders.com/vendor/laravel/framework/src/Illuminate/Foundation/Http/Middleware/ValidatePostSize.php(27): Illuminate\\Pipeline\\Pipeline->Illuminate\\Pipeline\\{closure}()
#44 /home/velriders/htdocs/velriders.com/vendor/laravel/framework/src/Illuminate/Pipeline/Pipeline.php(183): Illuminate\\Foundation\\Http\\Middleware\\ValidatePostSize->handle()
#45 /home/velriders/htdocs/velriders.com/vendor/laravel/framework/src/Illuminate/Foundation/Http/Middleware/PreventRequestsDuringMaintenance.php(99): Illuminate\\Pipeline\\Pipeline->Illuminate\\Pipeline\\{closure}()
#46 /home/velriders/htdocs/velriders.com/vendor/laravel/framework/src/Illuminate/Pipeline/Pipeline.php(183): Illuminate\\Foundation\\Http\\Middleware\\PreventRequestsDuringMaintenance->handle()
#47 /home/velriders/htdocs/velriders.com/vendor/laravel/framework/src/Illuminate/Http/Middleware/HandleCors.php(62): Illuminate\\Pipeline\\Pipeline->Illuminate\\Pipeline\\{closure}()
#48 /home/velriders/htdocs/velriders.com/vendor/laravel/framework/src/Illuminate/Pipeline/Pipeline.php(183): Illuminate\\Http\\Middleware\\HandleCors->handle()
#49 /home/velriders/htdocs/velriders.com/vendor/laravel/framework/src/Illuminate/Http/Middleware/TrustProxies.php(39): Illuminate\\Pipeline\\Pipeline->Illuminate\\Pipeline\\{closure}()
#50 /home/velriders/htdocs/velriders.com/vendor/laravel/framework/src/Illuminate/Pipeline/Pipeline.php(183): Illuminate\\Http\\Middleware\\TrustProxies->handle()
#51 /home/velriders/htdocs/velriders.com/vendor/laravel/framework/src/Illuminate/Pipeline/Pipeline.php(119): Illuminate\\Pipeline\\Pipeline->Illuminate\\Pipeline\\{closure}()
#52 /home/velriders/htdocs/velriders.com/vendor/laravel/framework/src/Illuminate/Foundation/Http/Kernel.php(175): Illuminate\\Pipeline\\Pipeline->then()
#53 /home/velriders/htdocs/velriders.com/vendor/laravel/framework/src/Illuminate/Foundation/Http/Kernel.php(144): Illuminate\\Foundation\\Http\\Kernel->sendRequestThroughRouter()
#54 /home/velriders/htdocs/velriders.com/public/index.php(51): Illuminate\\Foundation\\Http\\Kernel->handle()
#55 {main}
"} 
[2026-07-07 15:47:02] production.INFO: PHASE 1 - Pre-collected totals: {"grandTotal":1831.73,"convenienceFeeTotal":99.0,"completionTotal":0.0,"completionVehicleServiceTotal":0.0,"discount":"398.00"} 
[2026-07-07 15:47:02] production.INFO: PHASE 2 - Reverse calculation: {"remaining":1732.73,"bookingMultiplier":1.05,"vsMultiplier":0.236,"totalMultiplier":1.286,"booking_taxable_solved":1347.3794712286158,"solved_booking_base_B":1745.3794712286158} 
[2026-07-07 15:47:02] production.INFO: === INVOICE CALCULATION - Booking ID: 14057 === {"totalAmt":1347.38,"amountDue":0.0,"rateTotal":1700.75,"totalTax":130.98,"vehicleServicePercent":20,"gstStatus":1,"groupedTotals":{"5":{"rate":1347.38,"tax":67.37,"vehicle_commission_rate":0.0,"vehicle_commission_tax":0.0},"18":{"rate":83.9,"tax":15.1,"vehicle_commission_rate":269.48,"vehicle_commission_tax":48.51}}} 
[2026-07-07 17:10:29] production.ERROR: Token has expired and can no longer be refreshed {"userId":23247,"exception":"[object] (PHPOpenSourceSaver\\JWTAuth\\Exceptions\\TokenExpiredException(code: 0): Token has expired and can no longer be refreshed at /home/velriders/htdocs/velriders.com/vendor/php-open-source-saver/jwt-auth/src/Claims/IssuedAt.php:48)
[stacktrace]
#0 [internal function]: PHPOpenSourceSaver\\JWTAuth\\Claims\\IssuedAt->validateRefresh()
#1 /home/velriders/htdocs/velriders.com/vendor/php-open-source-saver/jwt-auth/src/Claims/Collection.php(57): call_user_func_array()
#2 /home/velriders/htdocs/velriders.com/vendor/laravel/framework/src/Illuminate/Collections/Traits/EnumeratesValues.php(240): PHPOpenSourceSaver\\JWTAuth\\Claims\\Collection->PHPOpenSourceSaver\\JWTAuth\\Claims\\{closure}()
#3 /home/velriders/htdocs/velriders.com/vendor/php-open-source-saver/jwt-auth/src/Claims/Collection.php(56): Illuminate\\Support\\Collection->each()
#4 /home/velriders/htdocs/velriders.com/vendor/php-open-source-saver/jwt-auth/src/Validators/PayloadValidator.php(92): PHPOpenSourceSaver\\JWTAuth\\Claims\\Collection->validate()
#5 /home/velriders/htdocs/velriders.com/vendor/php-open-source-saver/jwt-auth/src/Validators/PayloadValidator.php(52): PHPOpenSourceSaver\\JWTAuth\\Validators\\PayloadValidator->validateRefresh()
#6 /home/velriders/htdocs/velriders.com/vendor/php-open-source-saver/jwt-auth/src/Payload.php(42): PHPOpenSourceSaver\\JWTAuth\\Validators\\PayloadValidator->check()
#7 /home/velriders/htdocs/velriders.com/vendor/php-open-source-saver/jwt-auth/src/Factory.php(179): PHPOpenSourceSaver\\JWTAuth\\Payload->__construct()
#8 /home/velriders/htdocs/velriders.com/vendor/php-open-source-saver/jwt-auth/src/Factory.php(86): PHPOpenSourceSaver\\JWTAuth\\Factory->withClaims()
#9 /home/velriders/htdocs/velriders.com/vendor/php-open-source-saver/jwt-auth/src/Manager.php(107): PHPOpenSourceSaver\\JWTAuth\\Factory->make()
#10 /home/velriders/htdocs/velriders.com/vendor/php-open-source-saver/jwt-auth/src/Manager.php(133): PHPOpenSourceSaver\\JWTAuth\\Manager->decode()
#11 /home/velriders/htdocs/velriders.com/vendor/php-open-source-saver/jwt-auth/src/JWT.php(99): PHPOpenSourceSaver\\JWTAuth\\Manager->refresh()
#12 /home/velriders/htdocs/velriders.com/vendor/php-open-source-saver/jwt-auth/src/JWTGuard.php(225): PHPOpenSourceSaver\\JWTAuth\\JWT->refresh()
#13 /home/velriders/htdocs/velriders.com/app/Http/Controllers/FrontAppApis/V1/CustomerController.php(1231): PHPOpenSourceSaver\\JWTAuth\\JWTGuard->refresh()
#14 /home/velriders/htdocs/velriders.com/vendor/laravel/framework/src/Illuminate/Routing/Controller.php(54): App\\Http\\Controllers\\FrontAppApis\\V1\\CustomerController->refresh()
#15 /home/velriders/htdocs/velriders.com/vendor/laravel/framework/src/Illuminate/Routing/ControllerDispatcher.php(43): Illuminate\\Routing\\Controller->callAction()
#16 /home/velriders/htdocs/velriders.com/vendor/laravel/framework/src/Illuminate/Routing/Route.php(259): Illuminate\\Routing\\ControllerDispatcher->dispatch()
#17 /home/velriders/htdocs/velriders.com/vendor/laravel/framework/src/Illuminate/Routing/Route.php(205): Illuminate\\Routing\\Route->runController()
#18 /home/velriders/htdocs/velriders.com/vendor/laravel/framework/src/Illuminate/Routing/Router.php(806): Illuminate\\Routing\\Route->run()
#19 /home/velriders/htdocs/velriders.com/vendor/laravel/framework/src/Illuminate/Pipeline/Pipeline.php(144): Illuminate\\Routing\\Router->Illuminate\\Routing\\{closure}()
#20 /home/velriders/htdocs/velriders.com/vendor/laravel/framework/src/Illuminate/Routing/Middleware/SubstituteBindings.php(50): Illuminate\\Pipeline\\Pipeline->Illuminate\\Pipeline\\{closure}()
#21 /home/velriders/htdocs/velriders.com/vendor/laravel/framework/src/Illuminate/Pipeline/Pipeline.php(183): Illuminate\\Routing\\Middleware\\SubstituteBindings->handle()
#22 /home/velriders/htdocs/velriders.com/vendor/laravel/framework/src/Illuminate/Routing/Middleware/ThrottleRequests.php(159): Illuminate\\Pipeline\\Pipeline->Illuminate\\Pipeline\\{closure}()
#23 /home/velriders/htdocs/velriders.com/vendor/laravel/framework/src/Illuminate/Routing/Middleware/ThrottleRequests.php(90): Illuminate\\Routing\\Middleware\\ThrottleRequests->handleRequest()
#24 /home/velriders/htdocs/velriders.com/vendor/laravel/framework/src/Illuminate/Pipeline/Pipeline.php(183): Illuminate\\Routing\\Middleware\\ThrottleRequests->handle()
#25 /home/velriders/htdocs/velriders.com/vendor/laravel/framework/src/Illuminate/Auth/Middleware/Authenticate.php(57): Illuminate\\Pipeline\\Pipeline->Illuminate\\Pipeline\\{closure}()
#26 /home/velriders/htdocs/velriders.com/vendor/laravel/framework/src/Illuminate/Pipeline/Pipeline.php(183): Illuminate\\Auth\\Middleware\\Authenticate->handle()
#27 /home/velriders/htdocs/velriders.com/vendor/laravel/framework/src/Illuminate/Session/Middleware/StartSession.php(121): Illuminate\\Pipeline\\Pipeline->Illuminate\\Pipeline\\{closure}()
#28 /home/velriders/htdocs/velriders.com/vendor/laravel/framework/src/Illuminate/Session/Middleware/StartSession.php(64): Illuminate\\Session\\Middleware\\StartSession->handleStatefulRequest()
#29 /home/velriders/htdocs/velriders.com/vendor/laravel/framework/src/Illuminate/Pipeline/Pipeline.php(183): Illuminate\\Session\\Middleware\\StartSession->handle()
#30 /home/velriders/htdocs/velriders.com/vendor/laravel/framework/src/Illuminate/Pipeline/Pipeline.php(119): Illuminate\\Pipeline\\Pipeline->Illuminate\\Pipeline\\{closure}()
#31 /home/velriders/htdocs/velriders.com/vendor/laravel/framework/src/Illuminate/Routing/Router.php(805): Illuminate\\Pipeline\\Pipeline->then()
#32 /home/velriders/htdocs/velriders.com/vendor/laravel/framework/src/Illuminate/Routing/Router.php(784): Illuminate\\Routing\\Router->runRouteWithinStack()
#33 /home/velriders/htdocs/velriders.com/vendor/laravel/framework/src/Illuminate/Routing/Router.php(748): Illuminate\\Routing\\Router->runRoute()
#34 /home/velriders/htdocs/velriders.com/vendor/laravel/framework/src/Illuminate/Routing/Router.php(737): Illuminate\\Routing\\Router->dispatchToRoute()
#35 /home/velriders/htdocs/velriders.com/vendor/laravel/framework/src/Illuminate/Foundation/Http/Kernel.php(200): Illuminate\\Routing\\Router->dispatch()
#36 /home/velriders/htdocs/velriders.com/vendor/laravel/framework/src/Illuminate/Pipeline/Pipeline.php(144): Illuminate\\Foundation\\Http\\Kernel->Illuminate\\Foundation\\Http\\{closure}()
#37 /home/velriders/htdocs/velriders.com/vendor/laravel/framework/src/Illuminate/Foundation/Http/Middleware/TransformsRequest.php(21): Illuminate\\Pipeline\\Pipeline->Illuminate\\Pipeline\\{closure}()
#38 /home/velriders/htdocs/velriders.com/vendor/laravel/framework/src/Illuminate/Foundation/Http/Middleware/ConvertEmptyStringsToNull.php(31): Illuminate\\Foundation\\Http\\Middleware\\TransformsRequest->handle()
#39 /home/velriders/htdocs/velriders.com/vendor/laravel/framework/src/Illuminate/Pipeline/Pipeline.php(183): Illuminate\\Foundation\\Http\\Middleware\\ConvertEmptyStringsToNull->handle()
#40 /home/velriders/htdocs/velriders.com/vendor/laravel/framework/src/Illuminate/Foundation/Http/Middleware/TransformsRequest.php(21): Illuminate\\Pipeline\\Pipeline->Illuminate\\Pipeline\\{closure}()
#41 /home/velriders/htdocs/velriders.com/vendor/laravel/framework/src/Illuminate/Foundation/Http/Middleware/TrimStrings.php(40): Illuminate\\Foundation\\Http\\Middleware\\TransformsRequest->handle()
#42 /home/velriders/htdocs/velriders.com/vendor/laravel/framework/src/Illuminate/Pipeline/Pipeline.php(183): Illuminate\\Foundation\\Http\\Middleware\\TrimStrings->handle()
#43 /home/velriders/htdocs/velriders.com/vendor/laravel/framework/src/Illuminate/Foundation/Http/Middleware/ValidatePostSize.php(27): Illuminate\\Pipeline\\Pipeline->Illuminate\\Pipeline\\{closure}()
#44 /home/velriders/htdocs/velriders.com/vendor/laravel/framework/src/Illuminate/Pipeline/Pipeline.php(183): Illuminate\\Foundation\\Http\\Middleware\\ValidatePostSize->handle()
#45 /home/velriders/htdocs/velriders.com/vendor/laravel/framework/src/Illuminate/Foundation/Http/Middleware/PreventRequestsDuringMaintenance.php(99): Illuminate\\Pipeline\\Pipeline->Illuminate\\Pipeline\\{closure}()
#46 /home/velriders/htdocs/velriders.com/vendor/laravel/framework/src/Illuminate/Pipeline/Pipeline.php(183): Illuminate\\Foundation\\Http\\Middleware\\PreventRequestsDuringMaintenance->handle()
#47 /home/velriders/htdocs/velriders.com/vendor/laravel/framework/src/Illuminate/Http/Middleware/HandleCors.php(62): Illuminate\\Pipeline\\Pipeline->Illuminate\\Pipeline\\{closure}()
#48 /home/velriders/htdocs/velriders.com/vendor/laravel/framework/src/Illuminate/Pipeline/Pipeline.php(183): Illuminate\\Http\\Middleware\\HandleCors->handle()
#49 /home/velriders/htdocs/velriders.com/vendor/laravel/framework/src/Illuminate/Http/Middleware/TrustProxies.php(39): Illuminate\\Pipeline\\Pipeline->Illuminate\\Pipeline\\{closure}()
#50 /home/velriders/htdocs/velriders.com/vendor/laravel/framework/src/Illuminate/Pipeline/Pipeline.php(183): Illuminate\\Http\\Middleware\\TrustProxies->handle()
#51 /home/velriders/htdocs/velriders.com/vendor/laravel/framework/src/Illuminate/Pipeline/Pipeline.php(119): Illuminate\\Pipeline\\Pipeline->Illuminate\\Pipeline\\{closure}()
#52 /home/velriders/htdocs/velriders.com/vendor/laravel/framework/src/Illuminate/Foundation/Http/Kernel.php(175): Illuminate\\Pipeline\\Pipeline->then()
#53 /home/velriders/htdocs/velriders.com/vendor/laravel/framework/src/Illuminate/Foundation/Http/Kernel.php(144): Illuminate\\Foundation\\Http\\Kernel->sendRequestThroughRouter()
#54 /home/velriders/htdocs/velriders.com/public/index.php(51): Illuminate\\Foundation\\Http\\Kernel->handle()
#55 {main}
"} 
[2026-07-07 17:47:05] production.INFO: Token already expired for customer_id: 18026, token: eyJ0eXAiOiJKV1QiLCJhbGciOiJIUzI1NiJ9.eyJpc3MiOiJodHRwczovL3ZlbHJpZGVycy5jb20vYXBpL3YxL3ZlcmlmeS1vdHAiLCJpYXQiOjE3NjU2ODk5ODIsImV4cCI6MTc2ODI4MTk4MiwibmJmIjoxNzY1Njg5OTgyLCJqdGkiOiJqcmdXT2VlVnpPZjlUQkZ1Iiwic3ViIjoiMTgwMjYiLCJwcnYiOiIxZDBhMDIwYWNmNWM0YjZjNDk3OTg5ZGYxYWJmMGZiZDRlOGM4ZDYzIiwibW9iaWxlX251bWJlciI6Ijg1MDQ5MzAxODcifQ.G_gsrz-uvC35p-aZBccd98Duwrtme6XCytE4rrSuxpE  
[2026-07-07 17:47:05] production.INFO: Token already expired for customer_id: 18026, token: eyJ0eXAiOiJKV1QiLCJhbGciOiJIUzI1NiJ9.eyJpc3MiOiJodHRwczovL3ZlbHJpZGVycy5jb20vYXBpL3YxL3ZlcmlmeS1vdHAiLCJpYXQiOjE3NjU4Njc5MjksImV4cCI6MTc2ODQ1OTkyOSwibmJmIjoxNzY1ODY3OTI5LCJqdGkiOiJXRHZqd3p5V0kwcmREZVpaIiwic3ViIjoiMTgwMjYiLCJwcnYiOiIxZDBhMDIwYWNmNWM0YjZjNDk3OTg5ZGYxYWJmMGZiZDRlOGM4ZDYzIiwibW9iaWxlX251bWJlciI6Ijg1MDQ5MzAxODcifQ.8_WJ8zCKHivvye3sJZXuFZ2PKIG-4YSl-x-6dQC1mYg  
[2026-07-07 17:47:05] production.INFO: Token already expired for customer_id: 18026, token: eyJ0eXAiOiJKV1QiLCJhbGciOiJIUzI1NiJ9.eyJpc3MiOiJodHRwczovL3ZlbHJpZGVycy5jb20vYXBpL3YxL3ZlcmlmeS1vdHAiLCJpYXQiOjE3NzY3NTkwMDcsImV4cCI6MTc3OTM1MTAwNywibmJmIjoxNzc2NzU5MDA3LCJqdGkiOiIwRVhiTU1reGFmZm1iQkhJIiwic3ViIjoiMTgwMjYiLCJwcnYiOiIxZDBhMDIwYWNmNWM0YjZjNDk3OTg5ZGYxYWJmMGZiZDRlOGM4ZDYzIiwibW9iaWxlX251bWJlciI6Ijg1MDQ5MzAxODcifQ.VqhJxL7rLsLrhavT0L0K68A4nlJ7BIrB8aPzp_qjfic  
[2026-07-07 17:47:05] production.INFO: Token already expired for customer_id: 18026, token: eyJ0eXAiOiJKV1QiLCJhbGciOiJIUzI1NiJ9.eyJpc3MiOiJodHRwczovL3ZlbHJpZGVycy5jb20vYXBpL3YxL3ZlcmlmeS1vdHAiLCJpYXQiOjE3NzY4MzM0MDksImV4cCI6MTc3OTQyNTQwOSwibmJmIjoxNzc2ODMzNDA5LCJqdGkiOiJaUjJhVlE4UFNvRG1FN2R5Iiwic3ViIjoiMTgwMjYiLCJwcnYiOiIxZDBhMDIwYWNmNWM0YjZjNDk3OTg5ZGYxYWJmMGZiZDRlOGM4ZDYzIiwibW9iaWxlX251bWJlciI6Ijg1MDQ5MzAxODcifQ.Dq9RYysH9Uh_IktqdVOdq7LbLMj2_oc-MDYxkmNyAt0  
[2026-07-07 18:33:21] production.ERROR: Token has expired and can no longer be refreshed {"userId":9753,"exception":"[object] (PHPOpenSourceSaver\\JWTAuth\\Exceptions\\TokenExpiredException(code: 0): Token has expired and can no longer be refreshed at /home/velriders/htdocs/velriders.com/vendor/php-open-source-saver/jwt-auth/src/Claims/IssuedAt.php:48)
[stacktrace]
#0 [internal function]: PHPOpenSourceSaver\\JWTAuth\\Claims\\IssuedAt->validateRefresh()
#1 /home/velriders/htdocs/velriders.com/vendor/php-open-source-saver/jwt-auth/src/Claims/Collection.php(57): call_user_func_array()
#2 /home/velriders/htdocs/velriders.com/vendor/laravel/framework/src/Illuminate/Collections/Traits/EnumeratesValues.php(240): PHPOpenSourceSaver\\JWTAuth\\Claims\\Collection->PHPOpenSourceSaver\\JWTAuth\\Claims\\{closure}()
#3 /home/velriders/htdocs/velriders.com/vendor/php-open-source-saver/jwt-auth/src/Claims/Collection.php(56): Illuminate\\Support\\Collection->each()
#4 /home/velriders/htdocs/velriders.com/vendor/php-open-source-saver/jwt-auth/src/Validators/PayloadValidator.php(92): PHPOpenSourceSaver\\JWTAuth\\Claims\\Collection->validate()
#5 /home/velriders/htdocs/velriders.com/vendor/php-open-source-saver/jwt-auth/src/Validators/PayloadValidator.php(52): PHPOpenSourceSaver\\JWTAuth\\Validators\\PayloadValidator->validateRefresh()
#6 /home/velriders/htdocs/velriders.com/vendor/php-open-source-saver/jwt-auth/src/Payload.php(42): PHPOpenSourceSaver\\JWTAuth\\Validators\\PayloadValidator->check()
#7 /home/velriders/htdocs/velriders.com/vendor/php-open-source-saver/jwt-auth/src/Factory.php(179): PHPOpenSourceSaver\\JWTAuth\\Payload->__construct()
#8 /home/velriders/htdocs/velriders.com/vendor/php-open-source-saver/jwt-auth/src/Factory.php(86): PHPOpenSourceSaver\\JWTAuth\\Factory->withClaims()
#9 /home/velriders/htdocs/velriders.com/vendor/php-open-source-saver/jwt-auth/src/Manager.php(107): PHPOpenSourceSaver\\JWTAuth\\Factory->make()
#10 /home/velriders/htdocs/velriders.com/vendor/php-open-source-saver/jwt-auth/src/Manager.php(133): PHPOpenSourceSaver\\JWTAuth\\Manager->decode()
#11 /home/velriders/htdocs/velriders.com/vendor/php-open-source-saver/jwt-auth/src/JWT.php(99): PHPOpenSourceSaver\\JWTAuth\\Manager->refresh()
#12 /home/velriders/htdocs/velriders.com/vendor/php-open-source-saver/jwt-auth/src/JWTGuard.php(225): PHPOpenSourceSaver\\JWTAuth\\JWT->refresh()
#13 /home/velriders/htdocs/velriders.com/app/Http/Controllers/FrontAppApis/V1/CustomerController.php(1231): PHPOpenSourceSaver\\JWTAuth\\JWTGuard->refresh()
#14 /home/velriders/htdocs/velriders.com/vendor/laravel/framework/src/Illuminate/Routing/Controller.php(54): App\\Http\\Controllers\\FrontAppApis\\V1\\CustomerController->refresh()
#15 /home/velriders/htdocs/velriders.com/vendor/laravel/framework/src/Illuminate/Routing/ControllerDispatcher.php(43): Illuminate\\Routing\\Controller->callAction()
#16 /home/velriders/htdocs/velriders.com/vendor/laravel/framework/src/Illuminate/Routing/Route.php(259): Illuminate\\Routing\\ControllerDispatcher->dispatch()
#17 /home/velriders/htdocs/velriders.com/vendor/laravel/framework/src/Illuminate/Routing/Route.php(205): Illuminate\\Routing\\Route->runController()
#18 /home/velriders/htdocs/velriders.com/vendor/laravel/framework/src/Illuminate/Routing/Router.php(806): Illuminate\\Routing\\Route->run()
#19 /home/velriders/htdocs/velriders.com/vendor/laravel/framework/src/Illuminate/Pipeline/Pipeline.php(144): Illuminate\\Routing\\Router->Illuminate\\Routing\\{closure}()
#20 /home/velriders/htdocs/velriders.com/vendor/laravel/framework/src/Illuminate/Routing/Middleware/SubstituteBindings.php(50): Illuminate\\Pipeline\\Pipeline->Illuminate\\Pipeline\\{closure}()
#21 /home/velriders/htdocs/velriders.com/vendor/laravel/framework/src/Illuminate/Pipeline/Pipeline.php(183): Illuminate\\Routing\\Middleware\\SubstituteBindings->handle()
#22 /home/velriders/htdocs/velriders.com/vendor/laravel/framework/src/Illuminate/Routing/Middleware/ThrottleRequests.php(159): Illuminate\\Pipeline\\Pipeline->Illuminate\\Pipeline\\{closure}()
#23 /home/velriders/htdocs/velriders.com/vendor/laravel/framework/src/Illuminate/Routing/Middleware/ThrottleRequests.php(90): Illuminate\\Routing\\Middleware\\ThrottleRequests->handleRequest()
#24 /home/velriders/htdocs/velriders.com/vendor/laravel/framework/src/Illuminate/Pipeline/Pipeline.php(183): Illuminate\\Routing\\Middleware\\ThrottleRequests->handle()
#25 /home/velriders/htdocs/velriders.com/vendor/laravel/framework/src/Illuminate/Auth/Middleware/Authenticate.php(57): Illuminate\\Pipeline\\Pipeline->Illuminate\\Pipeline\\{closure}()
#26 /home/velriders/htdocs/velriders.com/vendor/laravel/framework/src/Illuminate/Pipeline/Pipeline.php(183): Illuminate\\Auth\\Middleware\\Authenticate->handle()
#27 /home/velriders/htdocs/velriders.com/vendor/laravel/framework/src/Illuminate/Session/Middleware/StartSession.php(121): Illuminate\\Pipeline\\Pipeline->Illuminate\\Pipeline\\{closure}()
#28 /home/velriders/htdocs/velriders.com/vendor/laravel/framework/src/Illuminate/Session/Middleware/StartSession.php(64): Illuminate\\Session\\Middleware\\StartSession->handleStatefulRequest()
#29 /home/velriders/htdocs/velriders.com/vendor/laravel/framework/src/Illuminate/Pipeline/Pipeline.php(183): Illuminate\\Session\\Middleware\\StartSession->handle()
#30 /home/velriders/htdocs/velriders.com/vendor/laravel/framework/src/Illuminate/Pipeline/Pipeline.php(119): Illuminate\\Pipeline\\Pipeline->Illuminate\\Pipeline\\{closure}()
#31 /home/velriders/htdocs/velriders.com/vendor/laravel/framework/src/Illuminate/Routing/Router.php(805): Illuminate\\Pipeline\\Pipeline->then()
#32 /home/velriders/htdocs/velriders.com/vendor/laravel/framework/src/Illuminate/Routing/Router.php(784): Illuminate\\Routing\\Router->runRouteWithinStack()
#33 /home/velriders/htdocs/velriders.com/vendor/laravel/framework/src/Illuminate/Routing/Router.php(748): Illuminate\\Routing\\Router->runRoute()
#34 /home/velriders/htdocs/velriders.com/vendor/laravel/framework/src/Illuminate/Routing/Router.php(737): Illuminate\\Routing\\Router->dispatchToRoute()
#35 /home/velriders/htdocs/velriders.com/vendor/laravel/framework/src/Illuminate/Foundation/Http/Kernel.php(200): Illuminate\\Routing\\Router->dispatch()
#36 /home/velriders/htdocs/velriders.com/vendor/laravel/framework/src/Illuminate/Pipeline/Pipeline.php(144): Illuminate\\Foundation\\Http\\Kernel->Illuminate\\Foundation\\Http\\{closure}()
#37 /home/velriders/htdocs/velriders.com/vendor/laravel/framework/src/Illuminate/Foundation/Http/Middleware/TransformsRequest.php(21): Illuminate\\Pipeline\\Pipeline->Illuminate\\Pipeline\\{closure}()
#38 /home/velriders/htdocs/velriders.com/vendor/laravel/framework/src/Illuminate/Foundation/Http/Middleware/ConvertEmptyStringsToNull.php(31): Illuminate\\Foundation\\Http\\Middleware\\TransformsRequest->handle()
#39 /home/velriders/htdocs/velriders.com/vendor/laravel/framework/src/Illuminate/Pipeline/Pipeline.php(183): Illuminate\\Foundation\\Http\\Middleware\\ConvertEmptyStringsToNull->handle()
#40 /home/velriders/htdocs/velriders.com/vendor/laravel/framework/src/Illuminate/Foundation/Http/Middleware/TransformsRequest.php(21): Illuminate\\Pipeline\\Pipeline->Illuminate\\Pipeline\\{closure}()
#41 /home/velriders/htdocs/velriders.com/vendor/laravel/framework/src/Illuminate/Foundation/Http/Middleware/TrimStrings.php(40): Illuminate\\Foundation\\Http\\Middleware\\TransformsRequest->handle()
#42 /home/velriders/htdocs/velriders.com/vendor/laravel/framework/src/Illuminate/Pipeline/Pipeline.php(183): Illuminate\\Foundation\\Http\\Middleware\\TrimStrings->handle()
#43 /home/velriders/htdocs/velriders.com/vendor/laravel/framework/src/Illuminate/Foundation/Http/Middleware/ValidatePostSize.php(27): Illuminate\\Pipeline\\Pipeline->Illuminate\\Pipeline\\{closure}()
#44 /home/velriders/htdocs/velriders.com/vendor/laravel/framework/src/Illuminate/Pipeline/Pipeline.php(183): Illuminate\\Foundation\\Http\\Middleware\\ValidatePostSize->handle()
#45 /home/velriders/htdocs/velriders.com/vendor/laravel/framework/src/Illuminate/Foundation/Http/Middleware/PreventRequestsDuringMaintenance.php(99): Illuminate\\Pipeline\\Pipeline->Illuminate\\Pipeline\\{closure}()
#46 /home/velriders/htdocs/velriders.com/vendor/laravel/framework/src/Illuminate/Pipeline/Pipeline.php(183): Illuminate\\Foundation\\Http\\Middleware\\PreventRequestsDuringMaintenance->handle()
#47 /home/velriders/htdocs/velriders.com/vendor/laravel/framework/src/Illuminate/Http/Middleware/HandleCors.php(62): Illuminate\\Pipeline\\Pipeline->Illuminate\\Pipeline\\{closure}()
#48 /home/velriders/htdocs/velriders.com/vendor/laravel/framework/src/Illuminate/Pipeline/Pipeline.php(183): Illuminate\\Http\\Middleware\\HandleCors->handle()
#49 /home/velriders/htdocs/velriders.com/vendor/laravel/framework/src/Illuminate/Http/Middleware/TrustProxies.php(39): Illuminate\\Pipeline\\Pipeline->Illuminate\\Pipeline\\{closure}()
#50 /home/velriders/htdocs/velriders.com/vendor/laravel/framework/src/Illuminate/Pipeline/Pipeline.php(183): Illuminate\\Http\\Middleware\\TrustProxies->handle()
#51 /home/velriders/htdocs/velriders.com/vendor/laravel/framework/src/Illuminate/Pipeline/Pipeline.php(119): Illuminate\\Pipeline\\Pipeline->Illuminate\\Pipeline\\{closure}()
#52 /home/velriders/htdocs/velriders.com/vendor/laravel/framework/src/Illuminate/Foundation/Http/Kernel.php(175): Illuminate\\Pipeline\\Pipeline->then()
#53 /home/velriders/htdocs/velriders.com/vendor/laravel/framework/src/Illuminate/Foundation/Http/Kernel.php(144): Illuminate\\Foundation\\Http\\Kernel->sendRequestThroughRouter()
#54 /home/velriders/htdocs/velriders.com/public/index.php(51): Illuminate\\Foundation\\Http\\Kernel->handle()
#55 {main}
"} 
[2026-07-07 18:59:49] production.INFO: PHASE 1 - Pre-collected totals: {"grandTotal":580.44,"convenienceFeeTotal":49.0,"completionTotal":89.1765,"completionVehicleServiceTotal":0.0,"discount":"105.00"} 
[2026-07-07 18:59:49] production.INFO: PHASE 2 - Reverse calculation: {"remaining":442.2635,"bookingMultiplier":1.05,"vsMultiplier":0.0,"totalMultiplier":1.05,"booking_taxable_solved":421.2033333333333,"solved_booking_base_B":526.2033333333334} 
[2026-07-07 18:59:49] production.INFO: New Booking line items (reverse calculated from transaction total): {"transaction_total_amount":"491.26","convenience_fee":"49.00","remaining":442.26,"discount":105.0,"booking_base":526.2,"booking_taxable":421.2,"booking_gst":21.060000000000002,"booking_total":442.26} 
[2026-07-07 18:59:49] production.INFO: === INVOICE CALCULATION - Booking ID: 14193 === {"totalAmt":580.0,"amountDue":0.0,"rateTotal":547.66,"totalTax":32.78,"vehicleServicePercent":0,"gstStatus":1,"groupedTotals":{"5":{"rate":506.13,"tax":25.31,"vehicle_commission_rate":0.0,"vehicle_commission_tax":0.0},"18":{"rate":41.53,"tax":7.47,"vehicle_commission_rate":0.0,"vehicle_commission_tax":0.0}}} 
[2026-07-07 19:48:39] production.INFO: PHASE 1 - Pre-collected totals: {"grandTotal":13323.24,"convenienceFeeTotal":99.0,"completionTotal":0.0,"completionVehicleServiceTotal":0.0,"discount":"572.00"} 
[2026-07-07 19:48:39] production.INFO: PHASE 2 - Reverse calculation: {"remaining":13224.24,"bookingMultiplier":1.05,"vsMultiplier":0.236,"totalMultiplier":1.286,"booking_taxable_solved":10283.234836702955,"solved_booking_base_B":10855.234836702955} 
[2026-07-07 19:48:39] production.INFO: === INVOICE CALCULATION - Booking ID: 12476 === {"totalAmt":10283.23,"amountDue":0.0,"rateTotal":12423.78,"totalTax":899.46,"vehicleServicePercent":20,"gstStatus":1,"groupedTotals":{"5":{"rate":10283.23,"tax":514.16,"vehicle_commission_rate":0.0,"vehicle_commission_tax":0.0},"18":{"rate":83.9,"tax":15.1,"vehicle_commission_rate":2056.65,"vehicle_commission_tax":370.2}}} 
[2026-07-07 19:49:06] production.INFO: PHASE 1 - Pre-collected totals: {"grandTotal":13323.24,"convenienceFeeTotal":99.0,"completionTotal":0.0,"completionVehicleServiceTotal":0.0,"discount":"572.00"} 
[2026-07-07 19:49:06] production.INFO: PHASE 2 - Reverse calculation: {"remaining":13224.24,"bookingMultiplier":1.05,"vsMultiplier":0.236,"totalMultiplier":1.286,"booking_taxable_solved":10283.234836702955,"solved_booking_base_B":10855.234836702955} 
[2026-07-07 19:49:06] production.INFO: === INVOICE CALCULATION - Booking ID: 12476 === {"totalAmt":10283.23,"amountDue":0.0,"rateTotal":12423.78,"totalTax":899.46,"vehicleServicePercent":20,"gstStatus":1,"groupedTotals":{"5":{"rate":10283.23,"tax":514.16,"vehicle_commission_rate":0.0,"vehicle_commission_tax":0.0},"18":{"rate":83.9,"tax":15.1,"vehicle_commission_rate":2056.65,"vehicle_commission_tax":370.2}}} 
[2026-07-07 20:34:47] production.INFO: PHASE 1 - Pre-collected totals: {"grandTotal":2894.9300000000003,"convenienceFeeTotal":99.0,"completionTotal":18.774,"completionVehicleServiceTotal":2.1098399999999997,"discount":"650.00"} 
[2026-07-07 20:34:47] production.INFO: PHASE 2 - Reverse calculation: {"remaining":2775.0461600000003,"bookingMultiplier":1.05,"vsMultiplier":0.118,"totalMultiplier":1.1680000000000001,"booking_taxable_solved":2375.895684931507,"solved_booking_base_B":3025.895684931507} 
[2026-07-07 20:34:47] production.INFO: === INVOICE CALCULATION - Booking ID: 14203 === {"totalAmt":2393.78,"amountDue":0.0,"rateTotal":2717.05,"totalTax":177.88,"vehicleServicePercent":10,"gstStatus":1,"groupedTotals":{"5":{"rate":2393.78,"tax":119.69,"vehicle_commission_rate":0.0,"vehicle_commission_tax":0.0},"18":{"rate":83.9,"tax":15.1,"vehicle_commission_rate":239.38,"vehicle_commission_tax":43.09}}} 
[2026-07-07 20:52:10] production.INFO: PHASE 1 - Pre-collected totals: {"grandTotal":919.0,"convenienceFeeTotal":49.0,"completionTotal":0.0,"completionVehicleServiceTotal":0.0,"discount":"0.00"} 
[2026-07-07 20:52:10] production.INFO: PHASE 2 - Reverse calculation: {"remaining":870.0,"bookingMultiplier":1.05,"vsMultiplier":0.0,"totalMultiplier":1.05,"booking_taxable_solved":828.5714285714286,"solved_booking_base_B":828.5714285714286} 
[2026-07-07 20:52:10] production.INFO: PHASE 1 - Pre-collected totals: {"grandTotal":919.0,"convenienceFeeTotal":49.0,"completionTotal":0.0,"completionVehicleServiceTotal":0.0,"discount":"0.00"} 
[2026-07-07 20:52:10] production.INFO: PHASE 2 - Reverse calculation: {"remaining":870.0,"bookingMultiplier":1.05,"vsMultiplier":0.0,"totalMultiplier":1.05,"booking_taxable_solved":828.5714285714286,"solved_booking_base_B":828.5714285714286} 
[2026-07-07 20:52:10] production.INFO: PHASE 1 - Pre-collected totals: {"grandTotal":2693.0,"convenienceFeeTotal":99.0,"completionTotal":0.0,"completionVehicleServiceTotal":0.0,"discount":"130.00"} 
[2026-07-07 20:52:10] production.INFO: PHASE 2 - Reverse calculation: {"remaining":2594.0,"bookingMultiplier":1.05,"vsMultiplier":0.0,"totalMultiplier":1.05,"booking_taxable_solved":2470.4761904761904,"solved_booking_base_B":2600.4761904761904} 
[2026-07-07 20:52:10] production.INFO: PHASE 1 - Pre-collected totals: {"grandTotal":2693.0,"convenienceFeeTotal":99.0,"completionTotal":0.0,"completionVehicleServiceTotal":0.0,"discount":"130.00"} 
[2026-07-07 20:52:10] production.INFO: PHASE 2 - Reverse calculation: {"remaining":2594.0,"bookingMultiplier":1.05,"vsMultiplier":0.0,"totalMultiplier":1.05,"booking_taxable_solved":2470.4761904761904,"solved_booking_base_B":2600.4761904761904} 
[2026-07-07 20:52:10] production.INFO: PHASE 1 - Pre-collected totals: {"grandTotal":550.0,"convenienceFeeTotal":49.0,"completionTotal":0.0,"completionVehicleServiceTotal":0.0,"discount":"25.00"} 
[2026-07-07 20:52:10] production.INFO: PHASE 2 - Reverse calculation: {"remaining":501.0,"bookingMultiplier":1.05,"vsMultiplier":0.0,"totalMultiplier":1.05,"booking_taxable_solved":477.1428571428571,"solved_booking_base_B":502.1428571428571} 
[2026-07-07 20:52:10] production.INFO: PHASE 1 - Pre-collected totals: {"grandTotal":550.0,"convenienceFeeTotal":49.0,"completionTotal":0.0,"completionVehicleServiceTotal":0.0,"discount":"25.00"} 
[2026-07-07 20:52:10] production.INFO: PHASE 2 - Reverse calculation: {"remaining":501.0,"bookingMultiplier":1.05,"vsMultiplier":0.0,"totalMultiplier":1.05,"booking_taxable_solved":477.1428571428571,"solved_booking_base_B":502.1428571428571} 
[2026-07-07 20:52:10] production.INFO: PHASE 1 - Pre-collected totals: {"grandTotal":451.0,"convenienceFeeTotal":49.0,"completionTotal":99.75,"completionVehicleServiceTotal":0.0,"discount":"20.00"} 
[2026-07-07 20:52:10] production.INFO: PHASE 2 - Reverse calculation: {"remaining":302.25,"bookingMultiplier":1.05,"vsMultiplier":0.0,"totalMultiplier":1.05,"booking_taxable_solved":287.85714285714283,"solved_booking_base_B":307.85714285714283} 
[2026-07-07 20:52:10] production.INFO: PHASE 1 - Pre-collected totals: {"grandTotal":451.0,"convenienceFeeTotal":49.0,"completionTotal":99.75,"completionVehicleServiceTotal":0.0,"discount":"20.00"} 
[2026-07-07 20:52:10] production.INFO: PHASE 2 - Reverse calculation: {"remaining":302.25,"bookingMultiplier":1.05,"vsMultiplier":0.0,"totalMultiplier":1.05,"booking_taxable_solved":287.85714285714283,"solved_booking_base_B":307.85714285714283} 
[2026-07-07 20:52:10] production.INFO: PHASE 1 - Pre-collected totals: {"grandTotal":13935.0,"convenienceFeeTotal":99.0,"completionTotal":0.0,"completionVehicleServiceTotal":0.0,"discount":"0.00"} 
[2026-07-07 20:52:10] production.INFO: PHASE 2 - Reverse calculation: {"remaining":13836.0,"bookingMultiplier":1.05,"vsMultiplier":0.0,"totalMultiplier":1.05,"booking_taxable_solved":13177.142857142857,"solved_booking_base_B":13177.142857142857} 
[2026-07-07 20:52:10] production.INFO: PHASE 1 - Pre-collected totals: {"grandTotal":13935.0,"convenienceFeeTotal":99.0,"completionTotal":0.0,"completionVehicleServiceTotal":0.0,"discount":"0.00"} 
[2026-07-07 20:52:10] production.INFO: PHASE 2 - Reverse calculation: {"remaining":13836.0,"bookingMultiplier":1.05,"vsMultiplier":0.0,"totalMultiplier":1.05,"booking_taxable_solved":13177.142857142857,"solved_booking_base_B":13177.142857142857} 
[2026-07-07 20:52:10] production.INFO: PHASE 1 - Pre-collected totals: {"grandTotal":6005.0,"convenienceFeeTotal":99.0,"completionTotal":0.0,"completionVehicleServiceTotal":0.0,"discount":"625.00"} 
[2026-07-07 20:52:10] production.INFO: PHASE 2 - Reverse calculation: {"remaining":5906.0,"bookingMultiplier":1.05,"vsMultiplier":0.0,"totalMultiplier":1.05,"booking_taxable_solved":5624.761904761905,"solved_booking_base_B":6249.761904761905} 
[2026-07-07 20:52:10] production.INFO: PHASE 1 - Pre-collected totals: {"grandTotal":6005.0,"convenienceFeeTotal":99.0,"completionTotal":0.0,"completionVehicleServiceTotal":0.0,"discount":"625.00"} 
[2026-07-07 20:52:10] production.INFO: PHASE 2 - Reverse calculation: {"remaining":5906.0,"bookingMultiplier":1.05,"vsMultiplier":0.0,"totalMultiplier":1.05,"booking_taxable_solved":5624.761904761905,"solved_booking_base_B":6249.761904761905} 
[2026-07-07 20:52:10] production.INFO: PHASE 1 - Pre-collected totals: {"grandTotal":1033.0,"convenienceFeeTotal":49.0,"completionTotal":0.0,"completionVehicleServiceTotal":0.0,"discount":"49.00"} 
[2026-07-07 20:52:10] production.INFO: PHASE 2 - Reverse calculation: {"remaining":984.0,"bookingMultiplier":1.05,"vsMultiplier":0.0,"totalMultiplier":1.05,"booking_taxable_solved":937.1428571428571,"solved_booking_base_B":986.1428571428571} 
[2026-07-07 20:52:10] production.INFO: PHASE 1 - Pre-collected totals: {"grandTotal":1033.0,"convenienceFeeTotal":49.0,"completionTotal":0.0,"completionVehicleServiceTotal":0.0,"discount":"49.00"} 
[2026-07-07 20:52:10] production.INFO: PHASE 2 - Reverse calculation: {"remaining":984.0,"bookingMultiplier":1.05,"vsMultiplier":0.0,"totalMultiplier":1.05,"booking_taxable_solved":937.1428571428571,"solved_booking_base_B":986.1428571428571} 
[2026-07-07 20:52:10] production.INFO: PHASE 1 - Pre-collected totals: {"grandTotal":3102.0,"convenienceFeeTotal":99.0,"completionTotal":0.0,"completionVehicleServiceTotal":0.0,"discount":"715.00"} 
[2026-07-07 20:52:10] production.INFO: PHASE 2 - Reverse calculation: {"remaining":3003.0,"bookingMultiplier":1.05,"vsMultiplier":0.0,"totalMultiplier":1.05,"booking_taxable_solved":2860.0,"solved_booking_base_B":3575.0} 
[2026-07-07 20:52:10] production.INFO: PHASE 1 - Pre-collected totals: {"grandTotal":3102.0,"convenienceFeeTotal":99.0,"completionTotal":0.0,"completionVehicleServiceTotal":0.0,"discount":"715.00"} 
[2026-07-07 20:52:10] production.INFO: PHASE 2 - Reverse calculation: {"remaining":3003.0,"bookingMultiplier":1.05,"vsMultiplier":0.0,"totalMultiplier":1.05,"booking_taxable_solved":2860.0,"solved_booking_base_B":3575.0} 
[2026-07-07 20:52:10] production.INFO: PHASE 1 - Pre-collected totals: {"grandTotal":629.25,"convenienceFeeTotal":49.0,"completionTotal":61.2465,"completionVehicleServiceTotal":0.0,"discount":"123.00"} 
[2026-07-07 20:52:10] production.INFO: PHASE 2 - Reverse calculation: {"remaining":519.0035,"bookingMultiplier":1.05,"vsMultiplier":0.0,"totalMultiplier":1.05,"booking_taxable_solved":494.2890476190476,"solved_booking_base_B":617.2890476190476} 
[2026-07-07 20:52:10] production.INFO: PHASE 1 - Pre-collected totals: {"grandTotal":629.25,"convenienceFeeTotal":49.0,"completionTotal":61.2465,"completionVehicleServiceTotal":0.0,"discount":"123.00"} 
[2026-07-07 20:52:10] production.INFO: PHASE 2 - Reverse calculation: {"remaining":519.0035,"bookingMultiplier":1.05,"vsMultiplier":0.0,"totalMultiplier":1.05,"booking_taxable_solved":494.2890476190476,"solved_booking_base_B":617.2890476190476} 
[2026-07-07 20:52:10] production.INFO: PHASE 1 - Pre-collected totals: {"grandTotal":4309.5,"convenienceFeeTotal":99.0,"completionTotal":1669.5,"completionVehicleServiceTotal":0.0,"discount":"605.00"} 
[2026-07-07 20:52:10] production.INFO: PHASE 2 - Reverse calculation: {"remaining":2541.0,"bookingMultiplier":1.05,"vsMultiplier":0.0,"totalMultiplier":1.05,"booking_taxable_solved":2420.0,"solved_booking_base_B":3025.0} 
[2026-07-07 20:52:10] production.INFO: PHASE 1 - Pre-collected totals: {"grandTotal":4309.5,"convenienceFeeTotal":99.0,"completionTotal":1669.5,"completionVehicleServiceTotal":0.0,"discount":"605.00"} 
[2026-07-07 20:52:10] production.INFO: PHASE 2 - Reverse calculation: {"remaining":2541.0,"bookingMultiplier":1.05,"vsMultiplier":0.0,"totalMultiplier":1.05,"booking_taxable_solved":2420.0,"solved_booking_base_B":3025.0} 
[2026-07-07 20:52:10] production.INFO: PHASE 1 - Pre-collected totals: {"grandTotal":1879.0,"convenienceFeeTotal":49.0,"completionTotal":0.0,"completionVehicleServiceTotal":0.0,"discount":"193.00"} 
[2026-07-07 20:52:10] production.INFO: PHASE 2 - Reverse calculation: {"remaining":1830.0,"bookingMultiplier":1.05,"vsMultiplier":0.0,"totalMultiplier":1.05,"booking_taxable_solved":1742.857142857143,"solved_booking_base_B":1935.857142857143} 
[2026-07-07 20:52:10] production.INFO: PHASE 1 - Pre-collected totals: {"grandTotal":1504.0,"convenienceFeeTotal":49.0,"completionTotal":0.0,"completionVehicleServiceTotal":0.0,"discount":"0.00"} 
[2026-07-07 20:52:10] production.INFO: PHASE 2 - Reverse calculation: {"remaining":1455.0,"bookingMultiplier":1.05,"vsMultiplier":0.0,"totalMultiplier":1.05,"booking_taxable_solved":1385.7142857142856,"solved_booking_base_B":1385.7142857142856} 
[2026-07-07 20:52:10] production.INFO: PHASE 1 - Pre-collected totals: {"grandTotal":2047.8,"convenienceFeeTotal":99.0,"completionTotal":100.80000000000001,"completionVehicleServiceTotal":0.0,"discount":"440.00"} 
[2026-07-07 20:52:10] production.INFO: PHASE 2 - Reverse calculation: {"remaining":1848.0,"bookingMultiplier":1.05,"vsMultiplier":0.0,"totalMultiplier":1.05,"booking_taxable_solved":1760.0,"solved_booking_base_B":2200.0} 
[2026-07-07 20:52:10] production.INFO: PHASE 1 - Pre-collected totals: {"grandTotal":2199.0,"convenienceFeeTotal":99.0,"completionTotal":0.0,"completionVehicleServiceTotal":0.0,"discount":"0.00"} 
[2026-07-07 20:52:10] production.INFO: PHASE 2 - Reverse calculation: {"remaining":2100.0,"bookingMultiplier":1.05,"vsMultiplier":0.0,"totalMultiplier":1.05,"booking_taxable_solved":2000.0,"solved_booking_base_B":2000.0} 
[2026-07-07 20:52:10] production.INFO: PHASE 1 - Pre-collected totals: {"grandTotal":333.5,"convenienceFeeTotal":49.0,"completionTotal":52.5,"completionVehicleServiceTotal":0.0,"discount":"0.00"} 
[2026-07-07 20:52:10] production.INFO: PHASE 2 - Reverse calculation: {"remaining":232.0,"bookingMultiplier":1.05,"vsMultiplier":0.0,"totalMultiplier":1.05,"booking_taxable_solved":220.95238095238093,"solved_booking_base_B":220.95238095238093} 
[2026-07-07 20:52:10] production.INFO: PHASE 1 - Pre-collected totals: {"grandTotal":1595.0,"convenienceFeeTotal":49.0,"completionTotal":0.0,"completionVehicleServiceTotal":0.0,"discount":"368.00"} 
[2026-07-07 20:52:10] production.INFO: PHASE 2 - Reverse calculation: {"remaining":1546.0,"bookingMultiplier":1.05,"vsMultiplier":0.0,"totalMultiplier":1.05,"booking_taxable_solved":1472.3809523809523,"solved_booking_base_B":1840.3809523809523} 
[2026-07-07 20:52:10] production.INFO: PHASE 1 - Pre-collected totals: {"grandTotal":3113.0,"convenienceFeeTotal":99.0,"completionTotal":0.0,"completionVehicleServiceTotal":0.0,"discount":"717.00"} 
[2026-07-07 20:52:10] production.INFO: PHASE 2 - Reverse calculation: {"remaining":3014.0,"bookingMultiplier":1.05,"vsMultiplier":0.0,"totalMultiplier":1.05,"booking_taxable_solved":2870.4761904761904,"solved_booking_base_B":3587.4761904761904} 
[2026-07-07 20:52:10] production.INFO: PHASE 1 - Pre-collected totals: {"grandTotal":577.0,"convenienceFeeTotal":49.0,"completionTotal":0.0,"completionVehicleServiceTotal":0.0,"discount":"0.00"} 
[2026-07-07 20:52:10] production.INFO: PHASE 2 - Reverse calculation: {"remaining":528.0,"bookingMultiplier":1.05,"vsMultiplier":0.0,"totalMultiplier":1.05,"booking_taxable_solved":502.85714285714283,"solved_booking_base_B":502.85714285714283} 
[2026-07-07 20:52:10] production.INFO: PHASE 1 - Pre-collected totals: {"grandTotal":4671.0,"convenienceFeeTotal":99.0,"completionTotal":0.0,"completionVehicleServiceTotal":0.0,"discount":"0.00"} 
[2026-07-07 20:52:10] production.INFO: PHASE 2 - Reverse calculation: {"remaining":4572.0,"bookingMultiplier":1.05,"vsMultiplier":0.0,"totalMultiplier":1.05,"booking_taxable_solved":4354.285714285714,"solved_booking_base_B":4354.285714285714} 
[2026-07-07 20:52:10] production.INFO: PHASE 1 - Pre-collected totals: {"grandTotal":6474.0,"convenienceFeeTotal":99.0,"completionTotal":0.0,"completionVehicleServiceTotal":0.0,"discount":"0.00"} 
[2026-07-07 20:52:10] production.INFO: PHASE 2 - Reverse calculation: {"remaining":6375.0,"bookingMultiplier":1.05,"vsMultiplier":0.0,"totalMultiplier":1.05,"booking_taxable_solved":6071.428571428572,"solved_booking_base_B":6071.428571428572} 
[2026-07-07 20:52:19] production.INFO: PHASE 1 - Pre-collected totals: {"grandTotal":16726.42,"convenienceFeeTotal":49.0,"completionTotal":0.0,"completionVehicleServiceTotal":0.0,"discount":"59.00"} 
[2026-07-07 20:52:19] production.INFO: PHASE 2 - Reverse calculation: {"remaining":16677.42,"bookingMultiplier":1.05,"vsMultiplier":0.118,"totalMultiplier":1.1680000000000001,"booking_taxable_solved":14278.613013698627,"solved_booking_base_B":14337.613013698627} 
[2026-07-07 20:52:19] production.INFO: PHASE 1 - Pre-collected totals: {"grandTotal":3133.8,"convenienceFeeTotal":99.0,"completionTotal":0.0,"completionVehicleServiceTotal":0.0,"discount":"0.00"} 
[2026-07-07 20:52:19] production.INFO: PHASE 2 - Reverse calculation: {"remaining":3034.8,"bookingMultiplier":1.05,"vsMultiplier":0.236,"totalMultiplier":1.286,"booking_taxable_solved":2359.8755832037327,"solved_booking_base_B":2359.8755832037327} 
[2026-07-07 20:52:19] production.INFO: PHASE 1 - Pre-collected totals: {"grandTotal":6991.0,"convenienceFeeTotal":49.0,"completionTotal":0.0,"completionVehicleServiceTotal":0.0,"discount":"1000.00"} 
[2026-07-07 20:52:19] production.INFO: PHASE 2 - Reverse calculation: {"remaining":6942.0,"bookingMultiplier":1.05,"vsMultiplier":0.118,"totalMultiplier":1.1680000000000001,"booking_taxable_solved":5943.493150684931,"solved_booking_base_B":6943.493150684931} 
[2026-07-07 20:52:19] production.INFO: PHASE 1 - Pre-collected totals: {"grandTotal":3406.5,"convenienceFeeTotal":99.0,"completionTotal":0.0,"completionVehicleServiceTotal":0.0,"discount":"787.00"} 
[2026-07-07 20:52:19] production.INFO: PHASE 2 - Reverse calculation: {"remaining":3307.5,"bookingMultiplier":1.05,"vsMultiplier":0.0,"totalMultiplier":1.05,"booking_taxable_solved":3150.0,"solved_booking_base_B":3937.0} 
[2026-07-07 20:52:19] production.INFO: PHASE 1 - Pre-collected totals: {"grandTotal":530.8,"convenienceFeeTotal":49.0,"completionTotal":0.0,"completionVehicleServiceTotal":0.0,"discount":"110.00"} 
[2026-07-07 20:52:19] production.INFO: PHASE 2 - Reverse calculation: {"remaining":481.79999999999995,"bookingMultiplier":1.05,"vsMultiplier":0.236,"totalMultiplier":1.286,"booking_taxable_solved":374.6500777604976,"solved_booking_base_B":484.6500777604976} 
[2026-07-07 20:52:19] production.INFO: PHASE 1 - Pre-collected totals: {"grandTotal":476.2,"convenienceFeeTotal":49.0,"completionTotal":0.0,"completionVehicleServiceTotal":0.0,"discount":"100.00"} 
[2026-07-07 20:52:19] production.INFO: PHASE 2 - Reverse calculation: {"remaining":427.2,"bookingMultiplier":1.05,"vsMultiplier":0.118,"totalMultiplier":1.1680000000000001,"booking_taxable_solved":365.7534246575342,"solved_booking_base_B":465.7534246575342} 
[2026-07-07 20:52:19] production.INFO: PHASE 1 - Pre-collected totals: {"grandTotal":0.0,"convenienceFeeTotal":0.0,"completionTotal":0.0,"completionVehicleServiceTotal":0.0,"discount":"0.00"} 
[2026-07-07 20:52:19] production.INFO: PHASE 2 - Reverse calculation: {"remaining":0.0,"bookingMultiplier":1.05,"vsMultiplier":0.118,"totalMultiplier":1.1680000000000001,"booking_taxable_solved":0.0,"solved_booking_base_B":0.0} 
[2026-07-07 20:52:19] production.INFO: PHASE 1 - Pre-collected totals: {"grandTotal":1266.08,"convenienceFeeTotal":49.0,"completionTotal":185.85,"completionVehicleServiceTotal":41.772,"discount":"239.00"} 
[2026-07-07 20:52:19] production.INFO: PHASE 2 - Reverse calculation: {"remaining":989.458,"bookingMultiplier":1.05,"vsMultiplier":0.236,"totalMultiplier":1.286,"booking_taxable_solved":769.407465007776,"solved_booking_base_B":1008.407465007776} 
[2026-07-07 20:52:19] production.INFO: PHASE 1 - Pre-collected totals: {"grandTotal":6411.28,"convenienceFeeTotal":49.0,"completionTotal":0.0,"completionVehicleServiceTotal":0.0,"discount":"1500.00"} 
[2026-07-07 20:52:19] production.INFO: PHASE 2 - Reverse calculation: {"remaining":6362.28,"bookingMultiplier":1.05,"vsMultiplier":0.118,"totalMultiplier":1.1680000000000001,"booking_taxable_solved":5447.157534246575,"solved_booking_base_B":6947.157534246575} 
[2026-07-07 20:52:19] production.INFO: PHASE 1 - Pre-collected totals: {"grandTotal":13323.24,"convenienceFeeTotal":99.0,"completionTotal":0.0,"completionVehicleServiceTotal":0.0,"discount":"572.00"} 
[2026-07-07 20:52:19] production.INFO: PHASE 2 - Reverse calculation: {"remaining":13224.24,"bookingMultiplier":1.05,"vsMultiplier":0.236,"totalMultiplier":1.286,"booking_taxable_solved":10283.234836702955,"solved_booking_base_B":10855.234836702955} 
[2026-07-07 20:52:19] production.INFO: PHASE 1 - Pre-collected totals: {"grandTotal":1899.8,"convenienceFeeTotal":99.0,"completionTotal":0.0,"completionVehicleServiceTotal":0.0,"discount":"0.00"} 
[2026-07-07 20:52:19] production.INFO: PHASE 2 - Reverse calculation: {"remaining":1800.8,"bookingMultiplier":1.05,"vsMultiplier":0.236,"totalMultiplier":1.286,"booking_taxable_solved":1400.3110419906686,"solved_booking_base_B":1400.3110419906686} 
[2026-07-07 20:52:19] production.INFO: PHASE 1 - Pre-collected totals: {"grandTotal":753.88,"convenienceFeeTotal":49.0,"completionTotal":0.0,"completionVehicleServiceTotal":0.0,"discount":"165.00"} 
[2026-07-07 20:52:19] production.INFO: PHASE 2 - Reverse calculation: {"remaining":704.88,"bookingMultiplier":1.05,"vsMultiplier":0.118,"totalMultiplier":1.1680000000000001,"booking_taxable_solved":603.4931506849314,"solved_booking_base_B":768.4931506849314} 
[2026-07-07 20:52:19] production.INFO: PHASE 1 - Pre-collected totals: {"grandTotal":663.19,"convenienceFeeTotal":49.0,"completionTotal":0.0,"completionVehicleServiceTotal":0.0,"discount":"143.00"} 
[2026-07-07 20:52:19] production.INFO: PHASE 2 - Reverse calculation: {"remaining":614.19,"bookingMultiplier":1.05,"vsMultiplier":0.118,"totalMultiplier":1.1680000000000001,"booking_taxable_solved":525.847602739726,"solved_booking_base_B":668.847602739726} 
[2026-07-07 20:52:19] production.INFO: PHASE 1 - Pre-collected totals: {"grandTotal":6991.0,"convenienceFeeTotal":49.0,"completionTotal":0.0,"completionVehicleServiceTotal":0.0,"discount":"1000.00"} 
[2026-07-07 20:52:19] production.INFO: PHASE 2 - Reverse calculation: {"remaining":6942.0,"bookingMultiplier":1.05,"vsMultiplier":0.118,"totalMultiplier":1.1680000000000001,"booking_taxable_solved":5943.493150684931,"solved_booking_base_B":6943.493150684931} 
[2026-07-07 20:52:19] production.INFO: PHASE 1 - Pre-collected totals: {"grandTotal":676.6,"convenienceFeeTotal":49.0,"completionTotal":16.38,"completionVehicleServiceTotal":1.8408,"discount":"0.00"} 
[2026-07-07 20:52:19] production.INFO: PHASE 2 - Reverse calculation: {"remaining":609.3792000000001,"bookingMultiplier":1.05,"vsMultiplier":0.118,"totalMultiplier":1.1680000000000001,"booking_taxable_solved":521.7287671232876,"solved_booking_base_B":521.7287671232876} 
[2026-07-07 20:52:19] production.INFO: PHASE 1 - Pre-collected totals: {"grandTotal":3329.85,"convenienceFeeTotal":99.0,"completionTotal":0.0,"completionVehicleServiceTotal":0.0,"discount":"525.00"} 
[2026-07-07 20:52:19] production.INFO: PHASE 2 - Reverse calculation: {"remaining":3230.85,"bookingMultiplier":1.05,"vsMultiplier":0.236,"totalMultiplier":1.286,"booking_taxable_solved":2512.3250388802485,"solved_booking_base_B":3037.3250388802485} 
[2026-07-07 20:52:19] production.INFO: PHASE 1 - Pre-collected totals: {"grandTotal":1807.8,"convenienceFeeTotal":99.0,"completionTotal":0.0,"completionVehicleServiceTotal":0.0,"discount":"400.00"} 
[2026-07-07 20:52:19] production.INFO: PHASE 2 - Reverse calculation: {"remaining":1708.8,"bookingMultiplier":1.05,"vsMultiplier":0.118,"totalMultiplier":1.1680000000000001,"booking_taxable_solved":1463.0136986301368,"solved_booking_base_B":1863.0136986301368} 
[2026-07-07 20:52:19] production.INFO: PHASE 1 - Pre-collected totals: {"grandTotal":2438.02,"convenienceFeeTotal":99.0,"completionTotal":0.0,"completionVehicleServiceTotal":0.0,"discount":"243.00"} 
[2026-07-07 20:52:19] production.INFO: PHASE 2 - Reverse calculation: {"remaining":2339.02,"bookingMultiplier":1.05,"vsMultiplier":0.118,"totalMultiplier":1.1680000000000001,"booking_taxable_solved":2002.5856164383558,"solved_booking_base_B":2245.585616438356} 
[2026-07-07 20:52:19] production.INFO: PHASE 1 - Pre-collected totals: {"grandTotal":415.21,"convenienceFeeTotal":49.0,"completionTotal":0.0,"completionVehicleServiceTotal":0.0,"discount":"57.00"} 
[2026-07-07 20:52:19] production.INFO: PHASE 2 - Reverse calculation: {"remaining":366.21,"bookingMultiplier":1.05,"vsMultiplier":0.472,"totalMultiplier":1.522,"booking_taxable_solved":240.61103810775293,"solved_booking_base_B":297.61103810775296} 
[2026-07-07 20:52:19] production.INFO: PHASE 1 - Pre-collected totals: {"grandTotal":777.48,"convenienceFeeTotal":49.0,"completionTotal":95.72850000000001,"completionVehicleServiceTotal":43.03224,"discount":"0.00"} 
[2026-07-07 20:52:19] production.INFO: PHASE 2 - Reverse calculation: {"remaining":589.71926,"bookingMultiplier":1.05,"vsMultiplier":0.472,"totalMultiplier":1.522,"booking_taxable_solved":387.4633771353482,"solved_booking_base_B":387.4633771353482} 
[2026-07-07 20:52:26] production.INFO: PHASE 1 - Pre-collected totals: {"grandTotal":3133.8,"convenienceFeeTotal":99.0,"completionTotal":0.0,"completionVehicleServiceTotal":0.0,"discount":"0.00"} 
[2026-07-07 20:52:26] production.INFO: PHASE 2 - Reverse calculation: {"remaining":3034.8,"bookingMultiplier":1.05,"vsMultiplier":0.236,"totalMultiplier":1.286,"booking_taxable_solved":2359.8755832037327,"solved_booking_base_B":2359.8755832037327} 
[2026-07-07 20:52:26] production.INFO: PHASE 1 - Pre-collected totals: {"grandTotal":6991.0,"convenienceFeeTotal":49.0,"completionTotal":0.0,"completionVehicleServiceTotal":0.0,"discount":"1000.00"} 
[2026-07-07 20:52:26] production.INFO: PHASE 2 - Reverse calculation: {"remaining":6942.0,"bookingMultiplier":1.05,"vsMultiplier":0.118,"totalMultiplier":1.1680000000000001,"booking_taxable_solved":5943.493150684931,"solved_booking_base_B":6943.493150684931} 
[2026-07-07 20:52:26] production.INFO: PHASE 1 - Pre-collected totals: {"grandTotal":3406.5,"convenienceFeeTotal":99.0,"completionTotal":0.0,"completionVehicleServiceTotal":0.0,"discount":"787.00"} 
[2026-07-07 20:52:26] production.INFO: PHASE 2 - Reverse calculation: {"remaining":3307.5,"bookingMultiplier":1.05,"vsMultiplier":0.0,"totalMultiplier":1.05,"booking_taxable_solved":3150.0,"solved_booking_base_B":3937.0} 
[2026-07-07 20:52:26] production.INFO: PHASE 1 - Pre-collected totals: {"grandTotal":530.8,"convenienceFeeTotal":49.0,"completionTotal":0.0,"completionVehicleServiceTotal":0.0,"discount":"110.00"} 
[2026-07-07 20:52:26] production.INFO: PHASE 2 - Reverse calculation: {"remaining":481.79999999999995,"bookingMultiplier":1.05,"vsMultiplier":0.236,"totalMultiplier":1.286,"booking_taxable_solved":374.6500777604976,"solved_booking_base_B":484.6500777604976} 
[2026-07-07 20:52:26] production.INFO: PHASE 1 - Pre-collected totals: {"grandTotal":476.2,"convenienceFeeTotal":49.0,"completionTotal":0.0,"completionVehicleServiceTotal":0.0,"discount":"100.00"} 
[2026-07-07 20:52:26] production.INFO: PHASE 2 - Reverse calculation: {"remaining":427.2,"bookingMultiplier":1.05,"vsMultiplier":0.118,"totalMultiplier":1.1680000000000001,"booking_taxable_solved":365.7534246575342,"solved_booking_base_B":465.7534246575342} 
[2026-07-07 20:52:26] production.INFO: PHASE 1 - Pre-collected totals: {"grandTotal":0.0,"convenienceFeeTotal":0.0,"completionTotal":0.0,"completionVehicleServiceTotal":0.0,"discount":"0.00"} 
[2026-07-07 20:52:26] production.INFO: PHASE 2 - Reverse calculation: {"remaining":0.0,"bookingMultiplier":1.05,"vsMultiplier":0.118,"totalMultiplier":1.1680000000000001,"booking_taxable_solved":0.0,"solved_booking_base_B":0.0} 
[2026-07-07 20:52:26] production.INFO: PHASE 1 - Pre-collected totals: {"grandTotal":1266.08,"convenienceFeeTotal":49.0,"completionTotal":185.85,"completionVehicleServiceTotal":41.772,"discount":"239.00"} 
[2026-07-07 20:52:26] production.INFO: PHASE 2 - Reverse calculation: {"remaining":989.458,"bookingMultiplier":1.05,"vsMultiplier":0.236,"totalMultiplier":1.286,"booking_taxable_solved":769.407465007776,"solved_booking_base_B":1008.407465007776} 
[2026-07-07 20:52:26] production.INFO: PHASE 1 - Pre-collected totals: {"grandTotal":13323.24,"convenienceFeeTotal":99.0,"completionTotal":0.0,"completionVehicleServiceTotal":0.0,"discount":"572.00"} 
[2026-07-07 20:52:26] production.INFO: PHASE 2 - Reverse calculation: {"remaining":13224.24,"bookingMultiplier":1.05,"vsMultiplier":0.236,"totalMultiplier":1.286,"booking_taxable_solved":10283.234836702955,"solved_booking_base_B":10855.234836702955} 
[2026-07-07 20:52:26] production.INFO: PHASE 1 - Pre-collected totals: {"grandTotal":1899.8,"convenienceFeeTotal":99.0,"completionTotal":0.0,"completionVehicleServiceTotal":0.0,"discount":"0.00"} 
[2026-07-07 20:52:26] production.INFO: PHASE 2 - Reverse calculation: {"remaining":1800.8,"bookingMultiplier":1.05,"vsMultiplier":0.236,"totalMultiplier":1.286,"booking_taxable_solved":1400.3110419906686,"solved_booking_base_B":1400.3110419906686} 
[2026-07-07 20:52:26] production.INFO: PHASE 1 - Pre-collected totals: {"grandTotal":753.88,"convenienceFeeTotal":49.0,"completionTotal":0.0,"completionVehicleServiceTotal":0.0,"discount":"165.00"} 
[2026-07-07 20:52:26] production.INFO: PHASE 2 - Reverse calculation: {"remaining":704.88,"bookingMultiplier":1.05,"vsMultiplier":0.118,"totalMultiplier":1.1680000000000001,"booking_taxable_solved":603.4931506849314,"solved_booking_base_B":768.4931506849314} 
[2026-07-07 20:52:26] production.INFO: PHASE 1 - Pre-collected totals: {"grandTotal":663.19,"convenienceFeeTotal":49.0,"completionTotal":0.0,"completionVehicleServiceTotal":0.0,"discount":"143.00"} 
[2026-07-07 20:52:26] production.INFO: PHASE 2 - Reverse calculation: {"remaining":614.19,"bookingMultiplier":1.05,"vsMultiplier":0.118,"totalMultiplier":1.1680000000000001,"booking_taxable_solved":525.847602739726,"solved_booking_base_B":668.847602739726} 
[2026-07-07 20:52:26] production.INFO: PHASE 1 - Pre-collected totals: {"grandTotal":6991.0,"convenienceFeeTotal":49.0,"completionTotal":0.0,"completionVehicleServiceTotal":0.0,"discount":"1000.00"} 
[2026-07-07 20:52:26] production.INFO: PHASE 2 - Reverse calculation: {"remaining":6942.0,"bookingMultiplier":1.05,"vsMultiplier":0.118,"totalMultiplier":1.1680000000000001,"booking_taxable_solved":5943.493150684931,"solved_booking_base_B":6943.493150684931} 
[2026-07-07 20:52:49] production.INFO: PHASE 1 - Pre-collected totals: {"grandTotal":3133.8,"convenienceFeeTotal":99.0,"completionTotal":0.0,"completionVehicleServiceTotal":0.0,"discount":"0.00"} 
[2026-07-07 20:52:49] production.INFO: PHASE 2 - Reverse calculation: {"remaining":3034.8,"bookingMultiplier":1.05,"vsMultiplier":0.236,"totalMultiplier":1.286,"booking_taxable_solved":2359.8755832037327,"solved_booking_base_B":2359.8755832037327} 
[2026-07-07 20:52:49] production.INFO: PHASE 1 - Pre-collected totals: {"grandTotal":6991.0,"convenienceFeeTotal":49.0,"completionTotal":0.0,"completionVehicleServiceTotal":0.0,"discount":"1000.00"} 
[2026-07-07 20:52:49] production.INFO: PHASE 2 - Reverse calculation: {"remaining":6942.0,"bookingMultiplier":1.05,"vsMultiplier":0.118,"totalMultiplier":1.1680000000000001,"booking_taxable_solved":5943.493150684931,"solved_booking_base_B":6943.493150684931} 
[2026-07-07 20:52:49] production.INFO: PHASE 1 - Pre-collected totals: {"grandTotal":3406.5,"convenienceFeeTotal":99.0,"completionTotal":0.0,"completionVehicleServiceTotal":0.0,"discount":"787.00"} 
[2026-07-07 20:52:49] production.INFO: PHASE 2 - Reverse calculation: {"remaining":3307.5,"bookingMultiplier":1.05,"vsMultiplier":0.0,"totalMultiplier":1.05,"booking_taxable_solved":3150.0,"solved_booking_base_B":3937.0} 
[2026-07-07 20:52:49] production.INFO: PHASE 1 - Pre-collected totals: {"grandTotal":530.8,"convenienceFeeTotal":49.0,"completionTotal":0.0,"completionVehicleServiceTotal":0.0,"discount":"110.00"} 
[2026-07-07 20:52:49] production.INFO: PHASE 2 - Reverse calculation: {"remaining":481.79999999999995,"bookingMultiplier":1.05,"vsMultiplier":0.236,"totalMultiplier":1.286,"booking_taxable_solved":374.6500777604976,"solved_booking_base_B":484.6500777604976} 
[2026-07-07 20:52:49] production.INFO: PHASE 1 - Pre-collected totals: {"grandTotal":476.2,"convenienceFeeTotal":49.0,"completionTotal":0.0,"completionVehicleServiceTotal":0.0,"discount":"100.00"} 
[2026-07-07 20:52:49] production.INFO: PHASE 2 - Reverse calculation: {"remaining":427.2,"bookingMultiplier":1.05,"vsMultiplier":0.118,"totalMultiplier":1.1680000000000001,"booking_taxable_solved":365.7534246575342,"solved_booking_base_B":465.7534246575342} 
[2026-07-07 20:52:49] production.INFO: PHASE 1 - Pre-collected totals: {"grandTotal":0.0,"convenienceFeeTotal":0.0,"completionTotal":0.0,"completionVehicleServiceTotal":0.0,"discount":"0.00"} 
[2026-07-07 20:52:49] production.INFO: PHASE 2 - Reverse calculation: {"remaining":0.0,"bookingMultiplier":1.05,"vsMultiplier":0.118,"totalMultiplier":1.1680000000000001,"booking_taxable_solved":0.0,"solved_booking_base_B":0.0} 
[2026-07-07 20:52:49] production.INFO: PHASE 1 - Pre-collected totals: {"grandTotal":1266.08,"convenienceFeeTotal":49.0,"completionTotal":185.85,"completionVehicleServiceTotal":41.772,"discount":"239.00"} 
[2026-07-07 20:52:49] production.INFO: PHASE 2 - Reverse calculation: {"remaining":989.458,"bookingMultiplier":1.05,"vsMultiplier":0.236,"totalMultiplier":1.286,"booking_taxable_solved":769.407465007776,"solved_booking_base_B":1008.407465007776} 
[2026-07-07 20:52:49] production.INFO: PHASE 1 - Pre-collected totals: {"grandTotal":13323.24,"convenienceFeeTotal":99.0,"completionTotal":0.0,"completionVehicleServiceTotal":0.0,"discount":"572.00"} 
[2026-07-07 20:52:49] production.INFO: PHASE 2 - Reverse calculation: {"remaining":13224.24,"bookingMultiplier":1.05,"vsMultiplier":0.236,"totalMultiplier":1.286,"booking_taxable_solved":10283.234836702955,"solved_booking_base_B":10855.234836702955} 
[2026-07-07 20:52:49] production.INFO: PHASE 1 - Pre-collected totals: {"grandTotal":1899.8,"convenienceFeeTotal":99.0,"completionTotal":0.0,"completionVehicleServiceTotal":0.0,"discount":"0.00"} 
[2026-07-07 20:52:49] production.INFO: PHASE 2 - Reverse calculation: {"remaining":1800.8,"bookingMultiplier":1.05,"vsMultiplier":0.236,"totalMultiplier":1.286,"booking_taxable_solved":1400.3110419906686,"solved_booking_base_B":1400.3110419906686} 
[2026-07-07 20:52:49] production.INFO: PHASE 1 - Pre-collected totals: {"grandTotal":753.88,"convenienceFeeTotal":49.0,"completionTotal":0.0,"completionVehicleServiceTotal":0.0,"discount":"165.00"} 
[2026-07-07 20:52:49] production.INFO: PHASE 2 - Reverse calculation: {"remaining":704.88,"bookingMultiplier":1.05,"vsMultiplier":0.118,"totalMultiplier":1.1680000000000001,"booking_taxable_solved":603.4931506849314,"solved_booking_base_B":768.4931506849314} 
[2026-07-07 20:52:49] production.INFO: PHASE 1 - Pre-collected totals: {"grandTotal":663.19,"convenienceFeeTotal":49.0,"completionTotal":0.0,"completionVehicleServiceTotal":0.0,"discount":"143.00"} 
[2026-07-07 20:52:49] production.INFO: PHASE 2 - Reverse calculation: {"remaining":614.19,"bookingMultiplier":1.05,"vsMultiplier":0.118,"totalMultiplier":1.1680000000000001,"booking_taxable_solved":525.847602739726,"solved_booking_base_B":668.847602739726} 
[2026-07-07 20:52:50] production.INFO: PHASE 1 - Pre-collected totals: {"grandTotal":6991.0,"convenienceFeeTotal":49.0,"completionTotal":0.0,"completionVehicleServiceTotal":0.0,"discount":"1000.00"} 
[2026-07-07 20:52:50] production.INFO: PHASE 2 - Reverse calculation: {"remaining":6942.0,"bookingMultiplier":1.05,"vsMultiplier":0.118,"totalMultiplier":1.1680000000000001,"booking_taxable_solved":5943.493150684931,"solved_booking_base_B":6943.493150684931} 
[2026-07-07 20:52:50] production.INFO: PHASE 1 - Pre-collected totals: {"grandTotal":3133.8,"convenienceFeeTotal":99.0,"completionTotal":0.0,"completionVehicleServiceTotal":0.0,"discount":"0.00"} 
[2026-07-07 20:52:50] production.INFO: PHASE 2 - Reverse calculation: {"remaining":3034.8,"bookingMultiplier":1.05,"vsMultiplier":0.236,"totalMultiplier":1.286,"booking_taxable_solved":2359.8755832037327,"solved_booking_base_B":2359.8755832037327} 
[2026-07-07 20:52:50] production.INFO: PHASE 1 - Pre-collected totals: {"grandTotal":6991.0,"convenienceFeeTotal":49.0,"completionTotal":0.0,"completionVehicleServiceTotal":0.0,"discount":"1000.00"} 
[2026-07-07 20:52:50] production.INFO: PHASE 2 - Reverse calculation: {"remaining":6942.0,"bookingMultiplier":1.05,"vsMultiplier":0.118,"totalMultiplier":1.1680000000000001,"booking_taxable_solved":5943.493150684931,"solved_booking_base_B":6943.493150684931} 
[2026-07-07 20:52:50] production.INFO: PHASE 1 - Pre-collected totals: {"grandTotal":3406.5,"convenienceFeeTotal":99.0,"completionTotal":0.0,"completionVehicleServiceTotal":0.0,"discount":"787.00"} 
[2026-07-07 20:52:50] production.INFO: PHASE 2 - Reverse calculation: {"remaining":3307.5,"bookingMultiplier":1.05,"vsMultiplier":0.0,"totalMultiplier":1.05,"booking_taxable_solved":3150.0,"solved_booking_base_B":3937.0} 
[2026-07-07 20:52:50] production.INFO: PHASE 1 - Pre-collected totals: {"grandTotal":530.8,"convenienceFeeTotal":49.0,"completionTotal":0.0,"completionVehicleServiceTotal":0.0,"discount":"110.00"} 
[2026-07-07 20:52:50] production.INFO: PHASE 2 - Reverse calculation: {"remaining":481.79999999999995,"bookingMultiplier":1.05,"vsMultiplier":0.236,"totalMultiplier":1.286,"booking_taxable_solved":374.6500777604976,"solved_booking_base_B":484.6500777604976} 
[2026-07-07 20:52:50] production.INFO: PHASE 1 - Pre-collected totals: {"grandTotal":476.2,"convenienceFeeTotal":49.0,"completionTotal":0.0,"completionVehicleServiceTotal":0.0,"discount":"100.00"} 
[2026-07-07 20:52:50] production.INFO: PHASE 2 - Reverse calculation: {"remaining":427.2,"bookingMultiplier":1.05,"vsMultiplier":0.118,"totalMultiplier":1.1680000000000001,"booking_taxable_solved":365.7534246575342,"solved_booking_base_B":465.7534246575342} 
[2026-07-07 20:52:50] production.INFO: PHASE 1 - Pre-collected totals: {"grandTotal":0.0,"convenienceFeeTotal":0.0,"completionTotal":0.0,"completionVehicleServiceTotal":0.0,"discount":"0.00"} 
[2026-07-07 20:52:50] production.INFO: PHASE 2 - Reverse calculation: {"remaining":0.0,"bookingMultiplier":1.05,"vsMultiplier":0.118,"totalMultiplier":1.1680000000000001,"booking_taxable_solved":0.0,"solved_booking_base_B":0.0} 
[2026-07-07 20:52:50] production.INFO: PHASE 1 - Pre-collected totals: {"grandTotal":1266.08,"convenienceFeeTotal":49.0,"completionTotal":185.85,"completionVehicleServiceTotal":41.772,"discount":"239.00"} 
[2026-07-07 20:52:50] production.INFO: PHASE 2 - Reverse calculation: {"remaining":989.458,"bookingMultiplier":1.05,"vsMultiplier":0.236,"totalMultiplier":1.286,"booking_taxable_solved":769.407465007776,"solved_booking_base_B":1008.407465007776} 
[2026-07-07 20:52:50] production.INFO: PHASE 1 - Pre-collected totals: {"grandTotal":13323.24,"convenienceFeeTotal":99.0,"completionTotal":0.0,"completionVehicleServiceTotal":0.0,"discount":"572.00"} 
[2026-07-07 20:52:50] production.INFO: PHASE 2 - Reverse calculation: {"remaining":13224.24,"bookingMultiplier":1.05,"vsMultiplier":0.236,"totalMultiplier":1.286,"booking_taxable_solved":10283.234836702955,"solved_booking_base_B":10855.234836702955} 
[2026-07-07 20:52:50] production.INFO: PHASE 1 - Pre-collected totals: {"grandTotal":1899.8,"convenienceFeeTotal":99.0,"completionTotal":0.0,"completionVehicleServiceTotal":0.0,"discount":"0.00"} 
[2026-07-07 20:52:50] production.INFO: PHASE 2 - Reverse calculation: {"remaining":1800.8,"bookingMultiplier":1.05,"vsMultiplier":0.236,"totalMultiplier":1.286,"booking_taxable_solved":1400.3110419906686,"solved_booking_base_B":1400.3110419906686} 
[2026-07-07 20:52:50] production.INFO: PHASE 1 - Pre-collected totals: {"grandTotal":753.88,"convenienceFeeTotal":49.0,"completionTotal":0.0,"completionVehicleServiceTotal":0.0,"discount":"165.00"} 
[2026-07-07 20:52:50] production.INFO: PHASE 2 - Reverse calculation: {"remaining":704.88,"bookingMultiplier":1.05,"vsMultiplier":0.118,"totalMultiplier":1.1680000000000001,"booking_taxable_solved":603.4931506849314,"solved_booking_base_B":768.4931506849314} 
[2026-07-07 20:52:50] production.INFO: PHASE 1 - Pre-collected totals: {"grandTotal":663.19,"convenienceFeeTotal":49.0,"completionTotal":0.0,"completionVehicleServiceTotal":0.0,"discount":"143.00"} 
[2026-07-07 20:52:50] production.INFO: PHASE 2 - Reverse calculation: {"remaining":614.19,"bookingMultiplier":1.05,"vsMultiplier":0.118,"totalMultiplier":1.1680000000000001,"booking_taxable_solved":525.847602739726,"solved_booking_base_B":668.847602739726} 
[2026-07-07 20:52:50] production.INFO: PHASE 1 - Pre-collected totals: {"grandTotal":6991.0,"convenienceFeeTotal":49.0,"completionTotal":0.0,"completionVehicleServiceTotal":0.0,"discount":"1000.00"} 
[2026-07-07 20:52:50] production.INFO: PHASE 2 - Reverse calculation: {"remaining":6942.0,"bookingMultiplier":1.05,"vsMultiplier":0.118,"totalMultiplier":1.1680000000000001,"booking_taxable_solved":5943.493150684931,"solved_booking_base_B":6943.493150684931} 
[2026-07-07 20:52:52] production.INFO: PHASE 1 - Pre-collected totals: {"grandTotal":919.0,"convenienceFeeTotal":49.0,"completionTotal":0.0,"completionVehicleServiceTotal":0.0,"discount":"0.00"} 
[2026-07-07 20:52:52] production.INFO: PHASE 2 - Reverse calculation: {"remaining":870.0,"bookingMultiplier":1.05,"vsMultiplier":0.0,"totalMultiplier":1.05,"booking_taxable_solved":828.5714285714286,"solved_booking_base_B":828.5714285714286} 
[2026-07-07 20:52:52] production.INFO: PHASE 1 - Pre-collected totals: {"grandTotal":2693.0,"convenienceFeeTotal":99.0,"completionTotal":0.0,"completionVehicleServiceTotal":0.0,"discount":"130.00"} 
[2026-07-07 20:52:52] production.INFO: PHASE 2 - Reverse calculation: {"remaining":2594.0,"bookingMultiplier":1.05,"vsMultiplier":0.0,"totalMultiplier":1.05,"booking_taxable_solved":2470.4761904761904,"solved_booking_base_B":2600.4761904761904} 
[2026-07-07 20:52:52] production.INFO: PHASE 1 - Pre-collected totals: {"grandTotal":550.0,"convenienceFeeTotal":49.0,"completionTotal":0.0,"completionVehicleServiceTotal":0.0,"discount":"25.00"} 
[2026-07-07 20:52:52] production.INFO: PHASE 2 - Reverse calculation: {"remaining":501.0,"bookingMultiplier":1.05,"vsMultiplier":0.0,"totalMultiplier":1.05,"booking_taxable_solved":477.1428571428571,"solved_booking_base_B":502.1428571428571} 
[2026-07-07 20:52:52] production.INFO: PHASE 1 - Pre-collected totals: {"grandTotal":451.0,"convenienceFeeTotal":49.0,"completionTotal":99.75,"completionVehicleServiceTotal":0.0,"discount":"20.00"} 
[2026-07-07 20:52:52] production.INFO: PHASE 2 - Reverse calculation: {"remaining":302.25,"bookingMultiplier":1.05,"vsMultiplier":0.0,"totalMultiplier":1.05,"booking_taxable_solved":287.85714285714283,"solved_booking_base_B":307.85714285714283} 
[2026-07-07 20:52:52] production.INFO: PHASE 1 - Pre-collected totals: {"grandTotal":13935.0,"convenienceFeeTotal":99.0,"completionTotal":0.0,"completionVehicleServiceTotal":0.0,"discount":"0.00"} 
[2026-07-07 20:52:52] production.INFO: PHASE 2 - Reverse calculation: {"remaining":13836.0,"bookingMultiplier":1.05,"vsMultiplier":0.0,"totalMultiplier":1.05,"booking_taxable_solved":13177.142857142857,"solved_booking_base_B":13177.142857142857} 
[2026-07-07 20:52:52] production.INFO: PHASE 1 - Pre-collected totals: {"grandTotal":6005.0,"convenienceFeeTotal":99.0,"completionTotal":0.0,"completionVehicleServiceTotal":0.0,"discount":"625.00"} 
[2026-07-07 20:52:52] production.INFO: PHASE 2 - Reverse calculation: {"remaining":5906.0,"bookingMultiplier":1.05,"vsMultiplier":0.0,"totalMultiplier":1.05,"booking_taxable_solved":5624.761904761905,"solved_booking_base_B":6249.761904761905} 
[2026-07-07 20:52:52] production.INFO: PHASE 1 - Pre-collected totals: {"grandTotal":1033.0,"convenienceFeeTotal":49.0,"completionTotal":0.0,"completionVehicleServiceTotal":0.0,"discount":"49.00"} 
[2026-07-07 20:52:52] production.INFO: PHASE 2 - Reverse calculation: {"remaining":984.0,"bookingMultiplier":1.05,"vsMultiplier":0.0,"totalMultiplier":1.05,"booking_taxable_solved":937.1428571428571,"solved_booking_base_B":986.1428571428571} 
[2026-07-07 20:52:52] production.INFO: PHASE 1 - Pre-collected totals: {"grandTotal":3102.0,"convenienceFeeTotal":99.0,"completionTotal":0.0,"completionVehicleServiceTotal":0.0,"discount":"715.00"} 
[2026-07-07 20:52:52] production.INFO: PHASE 2 - Reverse calculation: {"remaining":3003.0,"bookingMultiplier":1.05,"vsMultiplier":0.0,"totalMultiplier":1.05,"booking_taxable_solved":2860.0,"solved_booking_base_B":3575.0} 
[2026-07-07 20:52:52] production.INFO: PHASE 1 - Pre-collected totals: {"grandTotal":629.25,"convenienceFeeTotal":49.0,"completionTotal":61.2465,"completionVehicleServiceTotal":0.0,"discount":"123.00"} 
[2026-07-07 20:52:52] production.INFO: PHASE 2 - Reverse calculation: {"remaining":519.0035,"bookingMultiplier":1.05,"vsMultiplier":0.0,"totalMultiplier":1.05,"booking_taxable_solved":494.2890476190476,"solved_booking_base_B":617.2890476190476} 
[2026-07-07 20:52:52] production.INFO: PHASE 1 - Pre-collected totals: {"grandTotal":4309.5,"convenienceFeeTotal":99.0,"completionTotal":1669.5,"completionVehicleServiceTotal":0.0,"discount":"605.00"} 
[2026-07-07 20:52:52] production.INFO: PHASE 2 - Reverse calculation: {"remaining":2541.0,"bookingMultiplier":1.05,"vsMultiplier":0.0,"totalMultiplier":1.05,"booking_taxable_solved":2420.0,"solved_booking_base_B":3025.0} 
[2026-07-07 20:52:52] production.INFO: PHASE 1 - Pre-collected totals: {"grandTotal":1879.0,"convenienceFeeTotal":49.0,"completionTotal":0.0,"completionVehicleServiceTotal":0.0,"discount":"193.00"} 
[2026-07-07 20:52:52] production.INFO: PHASE 2 - Reverse calculation: {"remaining":1830.0,"bookingMultiplier":1.05,"vsMultiplier":0.0,"totalMultiplier":1.05,"booking_taxable_solved":1742.857142857143,"solved_booking_base_B":1935.857142857143} 
[2026-07-07 20:52:52] production.INFO: PHASE 1 - Pre-collected totals: {"grandTotal":1504.0,"convenienceFeeTotal":49.0,"completionTotal":0.0,"completionVehicleServiceTotal":0.0,"discount":"0.00"} 
[2026-07-07 20:52:52] production.INFO: PHASE 2 - Reverse calculation: {"remaining":1455.0,"bookingMultiplier":1.05,"vsMultiplier":0.0,"totalMultiplier":1.05,"booking_taxable_solved":1385.7142857142856,"solved_booking_base_B":1385.7142857142856} 
[2026-07-07 20:52:52] production.INFO: PHASE 1 - Pre-collected totals: {"grandTotal":2047.8,"convenienceFeeTotal":99.0,"completionTotal":100.80000000000001,"completionVehicleServiceTotal":0.0,"discount":"440.00"} 
[2026-07-07 20:52:52] production.INFO: PHASE 2 - Reverse calculation: {"remaining":1848.0,"bookingMultiplier":1.05,"vsMultiplier":0.0,"totalMultiplier":1.05,"booking_taxable_solved":1760.0,"solved_booking_base_B":2200.0} 
[2026-07-07 20:52:52] production.INFO: PHASE 1 - Pre-collected totals: {"grandTotal":2199.0,"convenienceFeeTotal":99.0,"completionTotal":0.0,"completionVehicleServiceTotal":0.0,"discount":"0.00"} 
[2026-07-07 20:52:52] production.INFO: PHASE 2 - Reverse calculation: {"remaining":2100.0,"bookingMultiplier":1.05,"vsMultiplier":0.0,"totalMultiplier":1.05,"booking_taxable_solved":2000.0,"solved_booking_base_B":2000.0} 
[2026-07-07 20:52:52] production.INFO: PHASE 1 - Pre-collected totals: {"grandTotal":333.5,"convenienceFeeTotal":49.0,"completionTotal":52.5,"completionVehicleServiceTotal":0.0,"discount":"0.00"} 
[2026-07-07 20:52:52] production.INFO: PHASE 2 - Reverse calculation: {"remaining":232.0,"bookingMultiplier":1.05,"vsMultiplier":0.0,"totalMultiplier":1.05,"booking_taxable_solved":220.95238095238093,"solved_booking_base_B":220.95238095238093} 
[2026-07-07 20:52:52] production.INFO: PHASE 1 - Pre-collected totals: {"grandTotal":1595.0,"convenienceFeeTotal":49.0,"completionTotal":0.0,"completionVehicleServiceTotal":0.0,"discount":"368.00"} 
[2026-07-07 20:52:52] production.INFO: PHASE 2 - Reverse calculation: {"remaining":1546.0,"bookingMultiplier":1.05,"vsMultiplier":0.0,"totalMultiplier":1.05,"booking_taxable_solved":1472.3809523809523,"solved_booking_base_B":1840.3809523809523} 
[2026-07-07 20:52:52] production.INFO: PHASE 1 - Pre-collected totals: {"grandTotal":3113.0,"convenienceFeeTotal":99.0,"completionTotal":0.0,"completionVehicleServiceTotal":0.0,"discount":"717.00"} 
[2026-07-07 20:52:52] production.INFO: PHASE 2 - Reverse calculation: {"remaining":3014.0,"bookingMultiplier":1.05,"vsMultiplier":0.0,"totalMultiplier":1.05,"booking_taxable_solved":2870.4761904761904,"solved_booking_base_B":3587.4761904761904} 
[2026-07-07 20:52:52] production.INFO: PHASE 1 - Pre-collected totals: {"grandTotal":577.0,"convenienceFeeTotal":49.0,"completionTotal":0.0,"completionVehicleServiceTotal":0.0,"discount":"0.00"} 
[2026-07-07 20:52:52] production.INFO: PHASE 2 - Reverse calculation: {"remaining":528.0,"bookingMultiplier":1.05,"vsMultiplier":0.0,"totalMultiplier":1.05,"booking_taxable_solved":502.85714285714283,"solved_booking_base_B":502.85714285714283} 
[2026-07-07 20:52:52] production.INFO: PHASE 1 - Pre-collected totals: {"grandTotal":4671.0,"convenienceFeeTotal":99.0,"completionTotal":0.0,"completionVehicleServiceTotal":0.0,"discount":"0.00"} 
[2026-07-07 20:52:52] production.INFO: PHASE 2 - Reverse calculation: {"remaining":4572.0,"bookingMultiplier":1.05,"vsMultiplier":0.0,"totalMultiplier":1.05,"booking_taxable_solved":4354.285714285714,"solved_booking_base_B":4354.285714285714} 
[2026-07-07 20:52:52] production.INFO: PHASE 1 - Pre-collected totals: {"grandTotal":6474.0,"convenienceFeeTotal":99.0,"completionTotal":0.0,"completionVehicleServiceTotal":0.0,"discount":"0.00"} 
[2026-07-07 20:52:52] production.INFO: PHASE 2 - Reverse calculation: {"remaining":6375.0,"bookingMultiplier":1.05,"vsMultiplier":0.0,"totalMultiplier":1.05,"booking_taxable_solved":6071.428571428572,"solved_booking_base_B":6071.428571428572} 
[2026-07-07 21:34:28] production.ERROR: Attempt to read property "latitude" on null {"userId":40,"exception":"[object] (ErrorException(code: 0): Attempt to read property \"latitude\" on null at /home/velriders/htdocs/velriders.com/app/Http/Controllers/CarhostAppApis/V1/CarHostVehicleController.php:402)
[stacktrace]
#0 /home/velriders/htdocs/velriders.com/vendor/laravel/framework/src/Illuminate/Foundation/Bootstrap/HandleExceptions.php(255): Illuminate\\Foundation\\Bootstrap\\HandleExceptions->handleError()
#1 /home/velriders/htdocs/velriders.com/app/Http/Controllers/CarhostAppApis/V1/CarHostVehicleController.php(402): Illuminate\\Foundation\\Bootstrap\\HandleExceptions->Illuminate\\Foundation\\Bootstrap\\{closure}()
#2 /home/velriders/htdocs/velriders.com/vendor/laravel/framework/src/Illuminate/Routing/Controller.php(54): App\\Http\\Controllers\\CarhostAppApis\\V1\\CarHostVehicleController->storePickupLocationDetails()
#3 /home/velriders/htdocs/velriders.com/vendor/laravel/framework/src/Illuminate/Routing/ControllerDispatcher.php(43): Illuminate\\Routing\\Controller->callAction()
#4 /home/velriders/htdocs/velriders.com/vendor/laravel/framework/src/Illuminate/Routing/Route.php(259): Illuminate\\Routing\\ControllerDispatcher->dispatch()
#5 /home/velriders/htdocs/velriders.com/vendor/laravel/framework/src/Illuminate/Routing/Route.php(205): Illuminate\\Routing\\Route->runController()
#6 /home/velriders/htdocs/velriders.com/vendor/laravel/framework/src/Illuminate/Routing/Router.php(806): Illuminate\\Routing\\Route->run()
#7 /home/velriders/htdocs/velriders.com/vendor/laravel/framework/src/Illuminate/Pipeline/Pipeline.php(144): Illuminate\\Routing\\Router->Illuminate\\Routing\\{closure}()
#8 /home/velriders/htdocs/velriders.com/app/Http/Middleware/CarHostAuth.php(49): Illuminate\\Pipeline\\Pipeline->Illuminate\\Pipeline\\{closure}()
#9 /home/velriders/htdocs/velriders.com/vendor/laravel/framework/src/Illuminate/Pipeline/Pipeline.php(183): App\\Http\\Middleware\\CarHostAuth->handle()
#10 /home/velriders/htdocs/velriders.com/vendor/laravel/framework/src/Illuminate/Routing/Middleware/SubstituteBindings.php(50): Illuminate\\Pipeline\\Pipeline->Illuminate\\Pipeline\\{closure}()
#11 /home/velriders/htdocs/velriders.com/vendor/laravel/framework/src/Illuminate/Pipeline/Pipeline.php(183): Illuminate\\Routing\\Middleware\\SubstituteBindings->handle()
#12 /home/velriders/htdocs/velriders.com/vendor/laravel/framework/src/Illuminate/Routing/Middleware/ThrottleRequests.php(159): Illuminate\\Pipeline\\Pipeline->Illuminate\\Pipeline\\{closure}()
#13 /home/velriders/htdocs/velriders.com/vendor/laravel/framework/src/Illuminate/Routing/Middleware/ThrottleRequests.php(90): Illuminate\\Routing\\Middleware\\ThrottleRequests->handleRequest()
#14 /home/velriders/htdocs/velriders.com/vendor/laravel/framework/src/Illuminate/Pipeline/Pipeline.php(183): Illuminate\\Routing\\Middleware\\ThrottleRequests->handle()
#15 /home/velriders/htdocs/velriders.com/vendor/laravel/framework/src/Illuminate/Session/Middleware/StartSession.php(121): Illuminate\\Pipeline\\Pipeline->Illuminate\\Pipeline\\{closure}()
#16 /home/velriders/htdocs/velriders.com/vendor/laravel/framework/src/Illuminate/Session/Middleware/StartSession.php(64): Illuminate\\Session\\Middleware\\StartSession->handleStatefulRequest()
#17 /home/velriders/htdocs/velriders.com/vendor/laravel/framework/src/Illuminate/Pipeline/Pipeline.php(183): Illuminate\\Session\\Middleware\\StartSession->handle()
#18 /home/velriders/htdocs/velriders.com/vendor/laravel/framework/src/Illuminate/Pipeline/Pipeline.php(119): Illuminate\\Pipeline\\Pipeline->Illuminate\\Pipeline\\{closure}()
#19 /home/velriders/htdocs/velriders.com/vendor/laravel/framework/src/Illuminate/Routing/Router.php(805): Illuminate\\Pipeline\\Pipeline->then()
#20 /home/velriders/htdocs/velriders.com/vendor/laravel/framework/src/Illuminate/Routing/Router.php(784): Illuminate\\Routing\\Router->runRouteWithinStack()
#21 /home/velriders/htdocs/velriders.com/vendor/laravel/framework/src/Illuminate/Routing/Router.php(748): Illuminate\\Routing\\Router->runRoute()
#22 /home/velriders/htdocs/velriders.com/vendor/laravel/framework/src/Illuminate/Routing/Router.php(737): Illuminate\\Routing\\Router->dispatchToRoute()
#23 /home/velriders/htdocs/velriders.com/vendor/laravel/framework/src/Illuminate/Foundation/Http/Kernel.php(200): Illuminate\\Routing\\Router->dispatch()
#24 /home/velriders/htdocs/velriders.com/vendor/laravel/framework/src/Illuminate/Pipeline/Pipeline.php(144): Illuminate\\Foundation\\Http\\Kernel->Illuminate\\Foundation\\Http\\{closure}()
#25 /home/velriders/htdocs/velriders.com/vendor/laravel/framework/src/Illuminate/Foundation/Http/Middleware/TransformsRequest.php(21): Illuminate\\Pipeline\\Pipeline->Illuminate\\Pipeline\\{closure}()
#26 /home/velriders/htdocs/velriders.com/vendor/laravel/framework/src/Illuminate/Foundation/Http/Middleware/ConvertEmptyStringsToNull.php(31): Illuminate\\Foundation\\Http\\Middleware\\TransformsRequest->handle()
#27 /home/velriders/htdocs/velriders.com/vendor/laravel/framework/src/Illuminate/Pipeline/Pipeline.php(183): Illuminate\\Foundation\\Http\\Middleware\\ConvertEmptyStringsToNull->handle()
#28 /home/velriders/htdocs/velriders.com/vendor/laravel/framework/src/Illuminate/Foundation/Http/Middleware/TransformsRequest.php(21): Illuminate\\Pipeline\\Pipeline->Illuminate\\Pipeline\\{closure}()
#29 /home/velriders/htdocs/velriders.com/vendor/laravel/framework/src/Illuminate/Foundation/Http/Middleware/TrimStrings.php(40): Illuminate\\Foundation\\Http\\Middleware\\TransformsRequest->handle()
#30 /home/velriders/htdocs/velriders.com/vendor/laravel/framework/src/Illuminate/Pipeline/Pipeline.php(183): Illuminate\\Foundation\\Http\\Middleware\\TrimStrings->handle()
#31 /home/velriders/htdocs/velriders.com/vendor/laravel/framework/src/Illuminate/Foundation/Http/Middleware/ValidatePostSize.php(27): Illuminate\\Pipeline\\Pipeline->Illuminate\\Pipeline\\{closure}()
#32 /home/velriders/htdocs/velriders.com/vendor/laravel/framework/src/Illuminate/Pipeline/Pipeline.php(183): Illuminate\\Foundation\\Http\\Middleware\\ValidatePostSize->handle()
#33 /home/velriders/htdocs/velriders.com/vendor/laravel/framework/src/Illuminate/Foundation/Http/Middleware/PreventRequestsDuringMaintenance.php(99): Illuminate\\Pipeline\\Pipeline->Illuminate\\Pipeline\\{closure}()
#34 /home/velriders/htdocs/velriders.com/vendor/laravel/framework/src/Illuminate/Pipeline/Pipeline.php(183): Illuminate\\Foundation\\Http\\Middleware\\PreventRequestsDuringMaintenance->handle()
#35 /home/velriders/htdocs/velriders.com/vendor/laravel/framework/src/Illuminate/Http/Middleware/HandleCors.php(62): Illuminate\\Pipeline\\Pipeline->Illuminate\\Pipeline\\{closure}()
#36 /home/velriders/htdocs/velriders.com/vendor/laravel/framework/src/Illuminate/Pipeline/Pipeline.php(183): Illuminate\\Http\\Middleware\\HandleCors->handle()
#37 /home/velriders/htdocs/velriders.com/vendor/laravel/framework/src/Illuminate/Http/Middleware/TrustProxies.php(39): Illuminate\\Pipeline\\Pipeline->Illuminate\\Pipeline\\{closure}()
#38 /home/velriders/htdocs/velriders.com/vendor/laravel/framework/src/Illuminate/Pipeline/Pipeline.php(183): Illuminate\\Http\\Middleware\\TrustProxies->handle()
#39 /home/velriders/htdocs/velriders.com/vendor/laravel/framework/src/Illuminate/Pipeline/Pipeline.php(119): Illuminate\\Pipeline\\Pipeline->Illuminate\\Pipeline\\{closure}()
#40 /home/velriders/htdocs/velriders.com/vendor/laravel/framework/src/Illuminate/Foundation/Http/Kernel.php(175): Illuminate\\Pipeline\\Pipeline->then()
#41 /home/velriders/htdocs/velriders.com/vendor/laravel/framework/src/Illuminate/Foundation/Http/Kernel.php(144): Illuminate\\Foundation\\Http\\Kernel->sendRequestThroughRouter()
#42 /home/velriders/htdocs/velriders.com/public/index.php(51): Illuminate\\Foundation\\Http\\Kernel->handle()
#43 {main}
"} 
[2026-07-07 21:34:33] production.ERROR: Attempt to read property "latitude" on null {"userId":40,"exception":"[object] (ErrorException(code: 0): Attempt to read property \"latitude\" on null at /home/velriders/htdocs/velriders.com/app/Http/Controllers/CarhostAppApis/V1/CarHostVehicleController.php:402)
[stacktrace]
#0 /home/velriders/htdocs/velriders.com/vendor/laravel/framework/src/Illuminate/Foundation/Bootstrap/HandleExceptions.php(255): Illuminate\\Foundation\\Bootstrap\\HandleExceptions->handleError()
#1 /home/velriders/htdocs/velriders.com/app/Http/Controllers/CarhostAppApis/V1/CarHostVehicleController.php(402): Illuminate\\Foundation\\Bootstrap\\HandleExceptions->Illuminate\\Foundation\\Bootstrap\\{closure}()
#2 /home/velriders/htdocs/velriders.com/vendor/laravel/framework/src/Illuminate/Routing/Controller.php(54): App\\Http\\Controllers\\CarhostAppApis\\V1\\CarHostVehicleController->storePickupLocationDetails()
#3 /home/velriders/htdocs/velriders.com/vendor/laravel/framework/src/Illuminate/Routing/ControllerDispatcher.php(43): Illuminate\\Routing\\Controller->callAction()
#4 /home/velriders/htdocs/velriders.com/vendor/laravel/framework/src/Illuminate/Routing/Route.php(259): Illuminate\\Routing\\ControllerDispatcher->dispatch()
#5 /home/velriders/htdocs/velriders.com/vendor/laravel/framework/src/Illuminate/Routing/Route.php(205): Illuminate\\Routing\\Route->runController()
#6 /home/velriders/htdocs/velriders.com/vendor/laravel/framework/src/Illuminate/Routing/Router.php(806): Illuminate\\Routing\\Route->run()
#7 /home/velriders/htdocs/velriders.com/vendor/laravel/framework/src/Illuminate/Pipeline/Pipeline.php(144): Illuminate\\Routing\\Router->Illuminate\\Routing\\{closure}()
#8 /home/velriders/htdocs/velriders.com/app/Http/Middleware/CarHostAuth.php(49): Illuminate\\Pipeline\\Pipeline->Illuminate\\Pipeline\\{closure}()
#9 /home/velriders/htdocs/velriders.com/vendor/laravel/framework/src/Illuminate/Pipeline/Pipeline.php(183): App\\Http\\Middleware\\CarHostAuth->handle()
#10 /home/velriders/htdocs/velriders.com/vendor/laravel/framework/src/Illuminate/Routing/Middleware/SubstituteBindings.php(50): Illuminate\\Pipeline\\Pipeline->Illuminate\\Pipeline\\{closure}()
#11 /home/velriders/htdocs/velriders.com/vendor/laravel/framework/src/Illuminate/Pipeline/Pipeline.php(183): Illuminate\\Routing\\Middleware\\SubstituteBindings->handle()
#12 /home/velriders/htdocs/velriders.com/vendor/laravel/framework/src/Illuminate/Routing/Middleware/ThrottleRequests.php(159): Illuminate\\Pipeline\\Pipeline->Illuminate\\Pipeline\\{closure}()
#13 /home/velriders/htdocs/velriders.com/vendor/laravel/framework/src/Illuminate/Routing/Middleware/ThrottleRequests.php(90): Illuminate\\Routing\\Middleware\\ThrottleRequests->handleRequest()
#14 /home/velriders/htdocs/velriders.com/vendor/laravel/framework/src/Illuminate/Pipeline/Pipeline.php(183): Illuminate\\Routing\\Middleware\\ThrottleRequests->handle()
#15 /home/velriders/htdocs/velriders.com/vendor/laravel/framework/src/Illuminate/Session/Middleware/StartSession.php(121): Illuminate\\Pipeline\\Pipeline->Illuminate\\Pipeline\\{closure}()
#16 /home/velriders/htdocs/velriders.com/vendor/laravel/framework/src/Illuminate/Session/Middleware/StartSession.php(64): Illuminate\\Session\\Middleware\\StartSession->handleStatefulRequest()
#17 /home/velriders/htdocs/velriders.com/vendor/laravel/framework/src/Illuminate/Pipeline/Pipeline.php(183): Illuminate\\Session\\Middleware\\StartSession->handle()
#18 /home/velriders/htdocs/velriders.com/vendor/laravel/framework/src/Illuminate/Pipeline/Pipeline.php(119): Illuminate\\Pipeline\\Pipeline->Illuminate\\Pipeline\\{closure}()
#19 /home/velriders/htdocs/velriders.com/vendor/laravel/framework/src/Illuminate/Routing/Router.php(805): Illuminate\\Pipeline\\Pipeline->then()
#20 /home/velriders/htdocs/velriders.com/vendor/laravel/framework/src/Illuminate/Routing/Router.php(784): Illuminate\\Routing\\Router->runRouteWithinStack()
#21 /home/velriders/htdocs/velriders.com/vendor/laravel/framework/src/Illuminate/Routing/Router.php(748): Illuminate\\Routing\\Router->runRoute()
#22 /home/velriders/htdocs/velriders.com/vendor/laravel/framework/src/Illuminate/Routing/Router.php(737): Illuminate\\Routing\\Router->dispatchToRoute()
#23 /home/velriders/htdocs/velriders.com/vendor/laravel/framework/src/Illuminate/Foundation/Http/Kernel.php(200): Illuminate\\Routing\\Router->dispatch()
#24 /home/velriders/htdocs/velriders.com/vendor/laravel/framework/src/Illuminate/Pipeline/Pipeline.php(144): Illuminate\\Foundation\\Http\\Kernel->Illuminate\\Foundation\\Http\\{closure}()
#25 /home/velriders/htdocs/velriders.com/vendor/laravel/framework/src/Illuminate/Foundation/Http/Middleware/TransformsRequest.php(21): Illuminate\\Pipeline\\Pipeline->Illuminate\\Pipeline\\{closure}()
#26 /home/velriders/htdocs/velriders.com/vendor/laravel/framework/src/Illuminate/Foundation/Http/Middleware/ConvertEmptyStringsToNull.php(31): Illuminate\\Foundation\\Http\\Middleware\\TransformsRequest->handle()
#27 /home/velriders/htdocs/velriders.com/vendor/laravel/framework/src/Illuminate/Pipeline/Pipeline.php(183): Illuminate\\Foundation\\Http\\Middleware\\ConvertEmptyStringsToNull->handle()
#28 /home/velriders/htdocs/velriders.com/vendor/laravel/framework/src/Illuminate/Foundation/Http/Middleware/TransformsRequest.php(21): Illuminate\\Pipeline\\Pipeline->Illuminate\\Pipeline\\{closure}()
#29 /home/velriders/htdocs/velriders.com/vendor/laravel/framework/src/Illuminate/Foundation/Http/Middleware/TrimStrings.php(40): Illuminate\\Foundation\\Http\\Middleware\\TransformsRequest->handle()
#30 /home/velriders/htdocs/velriders.com/vendor/laravel/framework/src/Illuminate/Pipeline/Pipeline.php(183): Illuminate\\Foundation\\Http\\Middleware\\TrimStrings->handle()
#31 /home/velriders/htdocs/velriders.com/vendor/laravel/framework/src/Illuminate/Foundation/Http/Middleware/ValidatePostSize.php(27): Illuminate\\Pipeline\\Pipeline->Illuminate\\Pipeline\\{closure}()
#32 /home/velriders/htdocs/velriders.com/vendor/laravel/framework/src/Illuminate/Pipeline/Pipeline.php(183): Illuminate\\Foundation\\Http\\Middleware\\ValidatePostSize->handle()
#33 /home/velriders/htdocs/velriders.com/vendor/laravel/framework/src/Illuminate/Foundation/Http/Middleware/PreventRequestsDuringMaintenance.php(99): Illuminate\\Pipeline\\Pipeline->Illuminate\\Pipeline\\{closure}()
#34 /home/velriders/htdocs/velriders.com/vendor/laravel/framework/src/Illuminate/Pipeline/Pipeline.php(183): Illuminate\\Foundation\\Http\\Middleware\\PreventRequestsDuringMaintenance->handle()
#35 /home/velriders/htdocs/velriders.com/vendor/laravel/framework/src/Illuminate/Http/Middleware/HandleCors.php(62): Illuminate\\Pipeline\\Pipeline->Illuminate\\Pipeline\\{closure}()
#36 /home/velriders/htdocs/velriders.com/vendor/laravel/framework/src/Illuminate/Pipeline/Pipeline.php(183): Illuminate\\Http\\Middleware\\HandleCors->handle()
#37 /home/velriders/htdocs/velriders.com/vendor/laravel/framework/src/Illuminate/Http/Middleware/TrustProxies.php(39): Illuminate\\Pipeline\\Pipeline->Illuminate\\Pipeline\\{closure}()
#38 /home/velriders/htdocs/velriders.com/vendor/laravel/framework/src/Illuminate/Pipeline/Pipeline.php(183): Illuminate\\Http\\Middleware\\TrustProxies->handle()
#39 /home/velriders/htdocs/velriders.com/vendor/laravel/framework/src/Illuminate/Pipeline/Pipeline.php(119): Illuminate\\Pipeline\\Pipeline->Illuminate\\Pipeline\\{closure}()
#40 /home/velriders/htdocs/velriders.com/vendor/laravel/framework/src/Illuminate/Foundation/Http/Kernel.php(175): Illuminate\\Pipeline\\Pipeline->then()
#41 /home/velriders/htdocs/velriders.com/vendor/laravel/framework/src/Illuminate/Foundation/Http/Kernel.php(144): Illuminate\\Foundation\\Http\\Kernel->sendRequestThroughRouter()
#42 /home/velriders/htdocs/velriders.com/public/index.php(51): Illuminate\\Foundation\\Http\\Kernel->handle()
#43 {main}
"} 
[2026-07-07 21:34:38] production.ERROR: Attempt to read property "latitude" on null {"userId":40,"exception":"[object] (ErrorException(code: 0): Attempt to read property \"latitude\" on null at /home/velriders/htdocs/velriders.com/app/Http/Controllers/CarhostAppApis/V1/CarHostVehicleController.php:402)
[stacktrace]
#0 /home/velriders/htdocs/velriders.com/vendor/laravel/framework/src/Illuminate/Foundation/Bootstrap/HandleExceptions.php(255): Illuminate\\Foundation\\Bootstrap\\HandleExceptions->handleError()
#1 /home/velriders/htdocs/velriders.com/app/Http/Controllers/CarhostAppApis/V1/CarHostVehicleController.php(402): Illuminate\\Foundation\\Bootstrap\\HandleExceptions->Illuminate\\Foundation\\Bootstrap\\{closure}()
#2 /home/velriders/htdocs/velriders.com/vendor/laravel/framework/src/Illuminate/Routing/Controller.php(54): App\\Http\\Controllers\\CarhostAppApis\\V1\\CarHostVehicleController->storePickupLocationDetails()
#3 /home/velriders/htdocs/velriders.com/vendor/laravel/framework/src/Illuminate/Routing/ControllerDispatcher.php(43): Illuminate\\Routing\\Controller->callAction()
#4 /home/velriders/htdocs/velriders.com/vendor/laravel/framework/src/Illuminate/Routing/Route.php(259): Illuminate\\Routing\\ControllerDispatcher->dispatch()
#5 /home/velriders/htdocs/velriders.com/vendor/laravel/framework/src/Illuminate/Routing/Route.php(205): Illuminate\\Routing\\Route->runController()
#6 /home/velriders/htdocs/velriders.com/vendor/laravel/framework/src/Illuminate/Routing/Router.php(806): Illuminate\\Routing\\Route->run()
#7 /home/velriders/htdocs/velriders.com/vendor/laravel/framework/src/Illuminate/Pipeline/Pipeline.php(144): Illuminate\\Routing\\Router->Illuminate\\Routing\\{closure}()
#8 /home/velriders/htdocs/velriders.com/app/Http/Middleware/CarHostAuth.php(49): Illuminate\\Pipeline\\Pipeline->Illuminate\\Pipeline\\{closure}()
#9 /home/velriders/htdocs/velriders.com/vendor/laravel/framework/src/Illuminate/Pipeline/Pipeline.php(183): App\\Http\\Middleware\\CarHostAuth->handle()
#10 /home/velriders/htdocs/velriders.com/vendor/laravel/framework/src/Illuminate/Routing/Middleware/SubstituteBindings.php(50): Illuminate\\Pipeline\\Pipeline->Illuminate\\Pipeline\\{closure}()
#11 /home/velriders/htdocs/velriders.com/vendor/laravel/framework/src/Illuminate/Pipeline/Pipeline.php(183): Illuminate\\Routing\\Middleware\\SubstituteBindings->handle()
#12 /home/velriders/htdocs/velriders.com/vendor/laravel/framework/src/Illuminate/Routing/Middleware/ThrottleRequests.php(159): Illuminate\\Pipeline\\Pipeline->Illuminate\\Pipeline\\{closure}()
#13 /home/velriders/htdocs/velriders.com/vendor/laravel/framework/src/Illuminate/Routing/Middleware/ThrottleRequests.php(90): Illuminate\\Routing\\Middleware\\ThrottleRequests->handleRequest()
#14 /home/velriders/htdocs/velriders.com/vendor/laravel/framework/src/Illuminate/Pipeline/Pipeline.php(183): Illuminate\\Routing\\Middleware\\ThrottleRequests->handle()
#15 /home/velriders/htdocs/velriders.com/vendor/laravel/framework/src/Illuminate/Session/Middleware/StartSession.php(121): Illuminate\\Pipeline\\Pipeline->Illuminate\\Pipeline\\{closure}()
#16 /home/velriders/htdocs/velriders.com/vendor/laravel/framework/src/Illuminate/Session/Middleware/StartSession.php(64): Illuminate\\Session\\Middleware\\StartSession->handleStatefulRequest()
#17 /home/velriders/htdocs/velriders.com/vendor/laravel/framework/src/Illuminate/Pipeline/Pipeline.php(183): Illuminate\\Session\\Middleware\\StartSession->handle()
#18 /home/velriders/htdocs/velriders.com/vendor/laravel/framework/src/Illuminate/Pipeline/Pipeline.php(119): Illuminate\\Pipeline\\Pipeline->Illuminate\\Pipeline\\{closure}()
#19 /home/velriders/htdocs/velriders.com/vendor/laravel/framework/src/Illuminate/Routing/Router.php(805): Illuminate\\Pipeline\\Pipeline->then()
#20 /home/velriders/htdocs/velriders.com/vendor/laravel/framework/src/Illuminate/Routing/Router.php(784): Illuminate\\Routing\\Router->runRouteWithinStack()
#21 /home/velriders/htdocs/velriders.com/vendor/laravel/framework/src/Illuminate/Routing/Router.php(748): Illuminate\\Routing\\Router->runRoute()
#22 /home/velriders/htdocs/velriders.com/vendor/laravel/framework/src/Illuminate/Routing/Router.php(737): Illuminate\\Routing\\Router->dispatchToRoute()
#23 /home/velriders/htdocs/velriders.com/vendor/laravel/framework/src/Illuminate/Foundation/Http/Kernel.php(200): Illuminate\\Routing\\Router->dispatch()
#24 /home/velriders/htdocs/velriders.com/vendor/laravel/framework/src/Illuminate/Pipeline/Pipeline.php(144): Illuminate\\Foundation\\Http\\Kernel->Illuminate\\Foundation\\Http\\{closure}()
#25 /home/velriders/htdocs/velriders.com/vendor/laravel/framework/src/Illuminate/Foundation/Http/Middleware/TransformsRequest.php(21): Illuminate\\Pipeline\\Pipeline->Illuminate\\Pipeline\\{closure}()
#26 /home/velriders/htdocs/velriders.com/vendor/laravel/framework/src/Illuminate/Foundation/Http/Middleware/ConvertEmptyStringsToNull.php(31): Illuminate\\Foundation\\Http\\Middleware\\TransformsRequest->handle()
#27 /home/velriders/htdocs/velriders.com/vendor/laravel/framework/src/Illuminate/Pipeline/Pipeline.php(183): Illuminate\\Foundation\\Http\\Middleware\\ConvertEmptyStringsToNull->handle()
#28 /home/velriders/htdocs/velriders.com/vendor/laravel/framework/src/Illuminate/Foundation/Http/Middleware/TransformsRequest.php(21): Illuminate\\Pipeline\\Pipeline->Illuminate\\Pipeline\\{closure}()
#29 /home/velriders/htdocs/velriders.com/vendor/laravel/framework/src/Illuminate/Foundation/Http/Middleware/TrimStrings.php(40): Illuminate\\Foundation\\Http\\Middleware\\TransformsRequest->handle()
#30 /home/velriders/htdocs/velriders.com/vendor/laravel/framework/src/Illuminate/Pipeline/Pipeline.php(183): Illuminate\\Foundation\\Http\\Middleware\\TrimStrings->handle()
#31 /home/velriders/htdocs/velriders.com/vendor/laravel/framework/src/Illuminate/Foundation/Http/Middleware/ValidatePostSize.php(27): Illuminate\\Pipeline\\Pipeline->Illuminate\\Pipeline\\{closure}()
#32 /home/velriders/htdocs/velriders.com/vendor/laravel/framework/src/Illuminate/Pipeline/Pipeline.php(183): Illuminate\\Foundation\\Http\\Middleware\\ValidatePostSize->handle()
#33 /home/velriders/htdocs/velriders.com/vendor/laravel/framework/src/Illuminate/Foundation/Http/Middleware/PreventRequestsDuringMaintenance.php(99): Illuminate\\Pipeline\\Pipeline->Illuminate\\Pipeline\\{closure}()
#34 /home/velriders/htdocs/velriders.com/vendor/laravel/framework/src/Illuminate/Pipeline/Pipeline.php(183): Illuminate\\Foundation\\Http\\Middleware\\PreventRequestsDuringMaintenance->handle()
#35 /home/velriders/htdocs/velriders.com/vendor/laravel/framework/src/Illuminate/Http/Middleware/HandleCors.php(62): Illuminate\\Pipeline\\Pipeline->Illuminate\\Pipeline\\{closure}()
#36 /home/velriders/htdocs/velriders.com/vendor/laravel/framework/src/Illuminate/Pipeline/Pipeline.php(183): Illuminate\\Http\\Middleware\\HandleCors->handle()
#37 /home/velriders/htdocs/velriders.com/vendor/laravel/framework/src/Illuminate/Http/Middleware/TrustProxies.php(39): Illuminate\\Pipeline\\Pipeline->Illuminate\\Pipeline\\{closure}()
#38 /home/velriders/htdocs/velriders.com/vendor/laravel/framework/src/Illuminate/Pipeline/Pipeline.php(183): Illuminate\\Http\\Middleware\\TrustProxies->handle()
#39 /home/velriders/htdocs/velriders.com/vendor/laravel/framework/src/Illuminate/Pipeline/Pipeline.php(119): Illuminate\\Pipeline\\Pipeline->Illuminate\\Pipeline\\{closure}()
#40 /home/velriders/htdocs/velriders.com/vendor/laravel/framework/src/Illuminate/Foundation/Http/Kernel.php(175): Illuminate\\Pipeline\\Pipeline->then()
#41 /home/velriders/htdocs/velriders.com/vendor/laravel/framework/src/Illuminate/Foundation/Http/Kernel.php(144): Illuminate\\Foundation\\Http\\Kernel->sendRequestThroughRouter()
#42 /home/velriders/htdocs/velriders.com/public/index.php(51): Illuminate\\Foundation\\Http\\Kernel->handle()
#43 {main}
"} 
[2026-07-07 21:34:44] production.ERROR: Attempt to read property "latitude" on null {"userId":40,"exception":"[object] (ErrorException(code: 0): Attempt to read property \"latitude\" on null at /home/velriders/htdocs/velriders.com/app/Http/Controllers/CarhostAppApis/V1/CarHostVehicleController.php:402)
[stacktrace]
#0 /home/velriders/htdocs/velriders.com/vendor/laravel/framework/src/Illuminate/Foundation/Bootstrap/HandleExceptions.php(255): Illuminate\\Foundation\\Bootstrap\\HandleExceptions->handleError()
#1 /home/velriders/htdocs/velriders.com/app/Http/Controllers/CarhostAppApis/V1/CarHostVehicleController.php(402): Illuminate\\Foundation\\Bootstrap\\HandleExceptions->Illuminate\\Foundation\\Bootstrap\\{closure}()
#2 /home/velriders/htdocs/velriders.com/vendor/laravel/framework/src/Illuminate/Routing/Controller.php(54): App\\Http\\Controllers\\CarhostAppApis\\V1\\CarHostVehicleController->storePickupLocationDetails()
#3 /home/velriders/htdocs/velriders.com/vendor/laravel/framework/src/Illuminate/Routing/ControllerDispatcher.php(43): Illuminate\\Routing\\Controller->callAction()
#4 /home/velriders/htdocs/velriders.com/vendor/laravel/framework/src/Illuminate/Routing/Route.php(259): Illuminate\\Routing\\ControllerDispatcher->dispatch()
#5 /home/velriders/htdocs/velriders.com/vendor/laravel/framework/src/Illuminate/Routing/Route.php(205): Illuminate\\Routing\\Route->runController()
#6 /home/velriders/htdocs/velriders.com/vendor/laravel/framework/src/Illuminate/Routing/Router.php(806): Illuminate\\Routing\\Route->run()
#7 /home/velriders/htdocs/velriders.com/vendor/laravel/framework/src/Illuminate/Pipeline/Pipeline.php(144): Illuminate\\Routing\\Router->Illuminate\\Routing\\{closure}()
#8 /home/velriders/htdocs/velriders.com/app/Http/Middleware/CarHostAuth.php(49): Illuminate\\Pipeline\\Pipeline->Illuminate\\Pipeline\\{closure}()
#9 /home/velriders/htdocs/velriders.com/vendor/laravel/framework/src/Illuminate/Pipeline/Pipeline.php(183): App\\Http\\Middleware\\CarHostAuth->handle()
#10 /home/velriders/htdocs/velriders.com/vendor/laravel/framework/src/Illuminate/Routing/Middleware/SubstituteBindings.php(50): Illuminate\\Pipeline\\Pipeline->Illuminate\\Pipeline\\{closure}()
#11 /home/velriders/htdocs/velriders.com/vendor/laravel/framework/src/Illuminate/Pipeline/Pipeline.php(183): Illuminate\\Routing\\Middleware\\SubstituteBindings->handle()
#12 /home/velriders/htdocs/velriders.com/vendor/laravel/framework/src/Illuminate/Routing/Middleware/ThrottleRequests.php(159): Illuminate\\Pipeline\\Pipeline->Illuminate\\Pipeline\\{closure}()
#13 /home/velriders/htdocs/velriders.com/vendor/laravel/framework/src/Illuminate/Routing/Middleware/ThrottleRequests.php(90): Illuminate\\Routing\\Middleware\\ThrottleRequests->handleRequest()
#14 /home/velriders/htdocs/velriders.com/vendor/laravel/framework/src/Illuminate/Pipeline/Pipeline.php(183): Illuminate\\Routing\\Middleware\\ThrottleRequests->handle()
#15 /home/velriders/htdocs/velriders.com/vendor/laravel/framework/src/Illuminate/Session/Middleware/StartSession.php(121): Illuminate\\Pipeline\\Pipeline->Illuminate\\Pipeline\\{closure}()
#16 /home/velriders/htdocs/velriders.com/vendor/laravel/framework/src/Illuminate/Session/Middleware/StartSession.php(64): Illuminate\\Session\\Middleware\\StartSession->handleStatefulRequest()
#17 /home/velriders/htdocs/velriders.com/vendor/laravel/framework/src/Illuminate/Pipeline/Pipeline.php(183): Illuminate\\Session\\Middleware\\StartSession->handle()
#18 /home/velriders/htdocs/velriders.com/vendor/laravel/framework/src/Illuminate/Pipeline/Pipeline.php(119): Illuminate\\Pipeline\\Pipeline->Illuminate\\Pipeline\\{closure}()
#19 /home/velriders/htdocs/velriders.com/vendor/laravel/framework/src/Illuminate/Routing/Router.php(805): Illuminate\\Pipeline\\Pipeline->then()
#20 /home/velriders/htdocs/velriders.com/vendor/laravel/framework/src/Illuminate/Routing/Router.php(784): Illuminate\\Routing\\Router->runRouteWithinStack()
#21 /home/velriders/htdocs/velriders.com/vendor/laravel/framework/src/Illuminate/Routing/Router.php(748): Illuminate\\Routing\\Router->runRoute()
#22 /home/velriders/htdocs/velriders.com/vendor/laravel/framework/src/Illuminate/Routing/Router.php(737): Illuminate\\Routing\\Router->dispatchToRoute()
#23 /home/velriders/htdocs/velriders.com/vendor/laravel/framework/src/Illuminate/Foundation/Http/Kernel.php(200): Illuminate\\Routing\\Router->dispatch()
#24 /home/velriders/htdocs/velriders.com/vendor/laravel/framework/src/Illuminate/Pipeline/Pipeline.php(144): Illuminate\\Foundation\\Http\\Kernel->Illuminate\\Foundation\\Http\\{closure}()
#25 /home/velriders/htdocs/velriders.com/vendor/laravel/framework/src/Illuminate/Foundation/Http/Middleware/TransformsRequest.php(21): Illuminate\\Pipeline\\Pipeline->Illuminate\\Pipeline\\{closure}()
#26 /home/velriders/htdocs/velriders.com/vendor/laravel/framework/src/Illuminate/Foundation/Http/Middleware/ConvertEmptyStringsToNull.php(31): Illuminate\\Foundation\\Http\\Middleware\\TransformsRequest->handle()
#27 /home/velriders/htdocs/velriders.com/vendor/laravel/framework/src/Illuminate/Pipeline/Pipeline.php(183): Illuminate\\Foundation\\Http\\Middleware\\ConvertEmptyStringsToNull->handle()
#28 /home/velriders/htdocs/velriders.com/vendor/laravel/framework/src/Illuminate/Foundation/Http/Middleware/TransformsRequest.php(21): Illuminate\\Pipeline\\Pipeline->Illuminate\\Pipeline\\{closure}()
#29 /home/velriders/htdocs/velriders.com/vendor/laravel/framework/src/Illuminate/Foundation/Http/Middleware/TrimStrings.php(40): Illuminate\\Foundation\\Http\\Middleware\\TransformsRequest->handle()
#30 /home/velriders/htdocs/velriders.com/vendor/laravel/framework/src/Illuminate/Pipeline/Pipeline.php(183): Illuminate\\Foundation\\Http\\Middleware\\TrimStrings->handle()
#31 /home/velriders/htdocs/velriders.com/vendor/laravel/framework/src/Illuminate/Foundation/Http/Middleware/ValidatePostSize.php(27): Illuminate\\Pipeline\\Pipeline->Illuminate\\Pipeline\\{closure}()
#32 /home/velriders/htdocs/velriders.com/vendor/laravel/framework/src/Illuminate/Pipeline/Pipeline.php(183): Illuminate\\Foundation\\Http\\Middleware\\ValidatePostSize->handle()
#33 /home/velriders/htdocs/velriders.com/vendor/laravel/framework/src/Illuminate/Foundation/Http/Middleware/PreventRequestsDuringMaintenance.php(99): Illuminate\\Pipeline\\Pipeline->Illuminate\\Pipeline\\{closure}()
#34 /home/velriders/htdocs/velriders.com/vendor/laravel/framework/src/Illuminate/Pipeline/Pipeline.php(183): Illuminate\\Foundation\\Http\\Middleware\\PreventRequestsDuringMaintenance->handle()
#35 /home/velriders/htdocs/velriders.com/vendor/laravel/framework/src/Illuminate/Http/Middleware/HandleCors.php(62): Illuminate\\Pipeline\\Pipeline->Illuminate\\Pipeline\\{closure}()
#36 /home/velriders/htdocs/velriders.com/vendor/laravel/framework/src/Illuminate/Pipeline/Pipeline.php(183): Illuminate\\Http\\Middleware\\HandleCors->handle()
#37 /home/velriders/htdocs/velriders.com/vendor/laravel/framework/src/Illuminate/Http/Middleware/TrustProxies.php(39): Illuminate\\Pipeline\\Pipeline->Illuminate\\Pipeline\\{closure}()
#38 /home/velriders/htdocs/velriders.com/vendor/laravel/framework/src/Illuminate/Pipeline/Pipeline.php(183): Illuminate\\Http\\Middleware\\TrustProxies->handle()
#39 /home/velriders/htdocs/velriders.com/vendor/laravel/framework/src/Illuminate/Pipeline/Pipeline.php(119): Illuminate\\Pipeline\\Pipeline->Illuminate\\Pipeline\\{closure}()
#40 /home/velriders/htdocs/velriders.com/vendor/laravel/framework/src/Illuminate/Foundation/Http/Kernel.php(175): Illuminate\\Pipeline\\Pipeline->then()
#41 /home/velriders/htdocs/velriders.com/vendor/laravel/framework/src/Illuminate/Foundation/Http/Kernel.php(144): Illuminate\\Foundation\\Http\\Kernel->sendRequestThroughRouter()
#42 /home/velriders/htdocs/velriders.com/public/index.php(51): Illuminate\\Foundation\\Http\\Kernel->handle()
#43 {main}
"} 
[2026-07-07 21:34:50] production.ERROR: Attempt to read property "latitude" on null {"userId":40,"exception":"[object] (ErrorException(code: 0): Attempt to read property \"latitude\" on null at /home/velriders/htdocs/velriders.com/app/Http/Controllers/CarhostAppApis/V1/CarHostVehicleController.php:402)
[stacktrace]
#0 /home/velriders/htdocs/velriders.com/vendor/laravel/framework/src/Illuminate/Foundation/Bootstrap/HandleExceptions.php(255): Illuminate\\Foundation\\Bootstrap\\HandleExceptions->handleError()
#1 /home/velriders/htdocs/velriders.com/app/Http/Controllers/CarhostAppApis/V1/CarHostVehicleController.php(402): Illuminate\\Foundation\\Bootstrap\\HandleExceptions->Illuminate\\Foundation\\Bootstrap\\{closure}()
#2 /home/velriders/htdocs/velriders.com/vendor/laravel/framework/src/Illuminate/Routing/Controller.php(54): App\\Http\\Controllers\\CarhostAppApis\\V1\\CarHostVehicleController->storePickupLocationDetails()
#3 /home/velriders/htdocs/velriders.com/vendor/laravel/framework/src/Illuminate/Routing/ControllerDispatcher.php(43): Illuminate\\Routing\\Controller->callAction()
#4 /home/velriders/htdocs/velriders.com/vendor/laravel/framework/src/Illuminate/Routing/Route.php(259): Illuminate\\Routing\\ControllerDispatcher->dispatch()
#5 /home/velriders/htdocs/velriders.com/vendor/laravel/framework/src/Illuminate/Routing/Route.php(205): Illuminate\\Routing\\Route->runController()
#6 /home/velriders/htdocs/velriders.com/vendor/laravel/framework/src/Illuminate/Routing/Router.php(806): Illuminate\\Routing\\Route->run()
#7 /home/velriders/htdocs/velriders.com/vendor/laravel/framework/src/Illuminate/Pipeline/Pipeline.php(144): Illuminate\\Routing\\Router->Illuminate\\Routing\\{closure}()
#8 /home/velriders/htdocs/velriders.com/app/Http/Middleware/CarHostAuth.php(49): Illuminate\\Pipeline\\Pipeline->Illuminate\\Pipeline\\{closure}()
#9 /home/velriders/htdocs/velriders.com/vendor/laravel/framework/src/Illuminate/Pipeline/Pipeline.php(183): App\\Http\\Middleware\\CarHostAuth->handle()
#10 /home/velriders/htdocs/velriders.com/vendor/laravel/framework/src/Illuminate/Routing/Middleware/SubstituteBindings.php(50): Illuminate\\Pipeline\\Pipeline->Illuminate\\Pipeline\\{closure}()
#11 /home/velriders/htdocs/velriders.com/vendor/laravel/framework/src/Illuminate/Pipeline/Pipeline.php(183): Illuminate\\Routing\\Middleware\\SubstituteBindings->handle()
#12 /home/velriders/htdocs/velriders.com/vendor/laravel/framework/src/Illuminate/Routing/Middleware/ThrottleRequests.php(159): Illuminate\\Pipeline\\Pipeline->Illuminate\\Pipeline\\{closure}()
#13 /home/velriders/htdocs/velriders.com/vendor/laravel/framework/src/Illuminate/Routing/Middleware/ThrottleRequests.php(90): Illuminate\\Routing\\Middleware\\ThrottleRequests->handleRequest()
#14 /home/velriders/htdocs/velriders.com/vendor/laravel/framework/src/Illuminate/Pipeline/Pipeline.php(183): Illuminate\\Routing\\Middleware\\ThrottleRequests->handle()
#15 /home/velriders/htdocs/velriders.com/vendor/laravel/framework/src/Illuminate/Session/Middleware/StartSession.php(121): Illuminate\\Pipeline\\Pipeline->Illuminate\\Pipeline\\{closure}()
#16 /home/velriders/htdocs/velriders.com/vendor/laravel/framework/src/Illuminate/Session/Middleware/StartSession.php(64): Illuminate\\Session\\Middleware\\StartSession->handleStatefulRequest()
#17 /home/velriders/htdocs/velriders.com/vendor/laravel/framework/src/Illuminate/Pipeline/Pipeline.php(183): Illuminate\\Session\\Middleware\\StartSession->handle()
#18 /home/velriders/htdocs/velriders.com/vendor/laravel/framework/src/Illuminate/Pipeline/Pipeline.php(119): Illuminate\\Pipeline\\Pipeline->Illuminate\\Pipeline\\{closure}()
#19 /home/velriders/htdocs/velriders.com/vendor/laravel/framework/src/Illuminate/Routing/Router.php(805): Illuminate\\Pipeline\\Pipeline->then()
#20 /home/velriders/htdocs/velriders.com/vendor/laravel/framework/src/Illuminate/Routing/Router.php(784): Illuminate\\Routing\\Router->runRouteWithinStack()
#21 /home/velriders/htdocs/velriders.com/vendor/laravel/framework/src/Illuminate/Routing/Router.php(748): Illuminate\\Routing\\Router->runRoute()
#22 /home/velriders/htdocs/velriders.com/vendor/laravel/framework/src/Illuminate/Routing/Router.php(737): Illuminate\\Routing\\Router->dispatchToRoute()
#23 /home/velriders/htdocs/velriders.com/vendor/laravel/framework/src/Illuminate/Foundation/Http/Kernel.php(200): Illuminate\\Routing\\Router->dispatch()
#24 /home/velriders/htdocs/velriders.com/vendor/laravel/framework/src/Illuminate/Pipeline/Pipeline.php(144): Illuminate\\Foundation\\Http\\Kernel->Illuminate\\Foundation\\Http\\{closure}()
#25 /home/velriders/htdocs/velriders.com/vendor/laravel/framework/src/Illuminate/Foundation/Http/Middleware/TransformsRequest.php(21): Illuminate\\Pipeline\\Pipeline->Illuminate\\Pipeline\\{closure}()
#26 /home/velriders/htdocs/velriders.com/vendor/laravel/framework/src/Illuminate/Foundation/Http/Middleware/ConvertEmptyStringsToNull.php(31): Illuminate\\Foundation\\Http\\Middleware\\TransformsRequest->handle()
#27 /home/velriders/htdocs/velriders.com/vendor/laravel/framework/src/Illuminate/Pipeline/Pipeline.php(183): Illuminate\\Foundation\\Http\\Middleware\\ConvertEmptyStringsToNull->handle()
#28 /home/velriders/htdocs/velriders.com/vendor/laravel/framework/src/Illuminate/Foundation/Http/Middleware/TransformsRequest.php(21): Illuminate\\Pipeline\\Pipeline->Illuminate\\Pipeline\\{closure}()
#29 /home/velriders/htdocs/velriders.com/vendor/laravel/framework/src/Illuminate/Foundation/Http/Middleware/TrimStrings.php(40): Illuminate\\Foundation\\Http\\Middleware\\TransformsRequest->handle()
#30 /home/velriders/htdocs/velriders.com/vendor/laravel/framework/src/Illuminate/Pipeline/Pipeline.php(183): Illuminate\\Foundation\\Http\\Middleware\\TrimStrings->handle()
#31 /home/velriders/htdocs/velriders.com/vendor/laravel/framework/src/Illuminate/Foundation/Http/Middleware/ValidatePostSize.php(27): Illuminate\\Pipeline\\Pipeline->Illuminate\\Pipeline\\{closure}()
#32 /home/velriders/htdocs/velriders.com/vendor/laravel/framework/src/Illuminate/Pipeline/Pipeline.php(183): Illuminate\\Foundation\\Http\\Middleware\\ValidatePostSize->handle()
#33 /home/velriders/htdocs/velriders.com/vendor/laravel/framework/src/Illuminate/Foundation/Http/Middleware/PreventRequestsDuringMaintenance.php(99): Illuminate\\Pipeline\\Pipeline->Illuminate\\Pipeline\\{closure}()
#34 /home/velriders/htdocs/velriders.com/vendor/laravel/framework/src/Illuminate/Pipeline/Pipeline.php(183): Illuminate\\Foundation\\Http\\Middleware\\PreventRequestsDuringMaintenance->handle()
#35 /home/velriders/htdocs/velriders.com/vendor/laravel/framework/src/Illuminate/Http/Middleware/HandleCors.php(62): Illuminate\\Pipeline\\Pipeline->Illuminate\\Pipeline\\{closure}()
#36 /home/velriders/htdocs/velriders.com/vendor/laravel/framework/src/Illuminate/Pipeline/Pipeline.php(183): Illuminate\\Http\\Middleware\\HandleCors->handle()
#37 /home/velriders/htdocs/velriders.com/vendor/laravel/framework/src/Illuminate/Http/Middleware/TrustProxies.php(39): Illuminate\\Pipeline\\Pipeline->Illuminate\\Pipeline\\{closure}()
#38 /home/velriders/htdocs/velriders.com/vendor/laravel/framework/src/Illuminate/Pipeline/Pipeline.php(183): Illuminate\\Http\\Middleware\\TrustProxies->handle()
#39 /home/velriders/htdocs/velriders.com/vendor/laravel/framework/src/Illuminate/Pipeline/Pipeline.php(119): Illuminate\\Pipeline\\Pipeline->Illuminate\\Pipeline\\{closure}()
#40 /home/velriders/htdocs/velriders.com/vendor/laravel/framework/src/Illuminate/Foundation/Http/Kernel.php(175): Illuminate\\Pipeline\\Pipeline->then()
#41 /home/velriders/htdocs/velriders.com/vendor/laravel/framework/src/Illuminate/Foundation/Http/Kernel.php(144): Illuminate\\Foundation\\Http\\Kernel->sendRequestThroughRouter()
#42 /home/velriders/htdocs/velriders.com/public/index.php(51): Illuminate\\Foundation\\Http\\Kernel->handle()
#43 {main}
"} 
[2026-07-07 21:37:25] production.ERROR: Attempt to read property "latitude" on null {"userId":40,"exception":"[object] (ErrorException(code: 0): Attempt to read property \"latitude\" on null at /home/velriders/htdocs/velriders.com/app/Http/Controllers/CarhostAppApis/V1/CarHostVehicleController.php:402)
[stacktrace]
#0 /home/velriders/htdocs/velriders.com/vendor/laravel/framework/src/Illuminate/Foundation/Bootstrap/HandleExceptions.php(255): Illuminate\\Foundation\\Bootstrap\\HandleExceptions->handleError()
#1 /home/velriders/htdocs/velriders.com/app/Http/Controllers/CarhostAppApis/V1/CarHostVehicleController.php(402): Illuminate\\Foundation\\Bootstrap\\HandleExceptions->Illuminate\\Foundation\\Bootstrap\\{closure}()
#2 /home/velriders/htdocs/velriders.com/vendor/laravel/framework/src/Illuminate/Routing/Controller.php(54): App\\Http\\Controllers\\CarhostAppApis\\V1\\CarHostVehicleController->storePickupLocationDetails()
#3 /home/velriders/htdocs/velriders.com/vendor/laravel/framework/src/Illuminate/Routing/ControllerDispatcher.php(43): Illuminate\\Routing\\Controller->callAction()
#4 /home/velriders/htdocs/velriders.com/vendor/laravel/framework/src/Illuminate/Routing/Route.php(259): Illuminate\\Routing\\ControllerDispatcher->dispatch()
#5 /home/velriders/htdocs/velriders.com/vendor/laravel/framework/src/Illuminate/Routing/Route.php(205): Illuminate\\Routing\\Route->runController()
#6 /home/velriders/htdocs/velriders.com/vendor/laravel/framework/src/Illuminate/Routing/Router.php(806): Illuminate\\Routing\\Route->run()
#7 /home/velriders/htdocs/velriders.com/vendor/laravel/framework/src/Illuminate/Pipeline/Pipeline.php(144): Illuminate\\Routing\\Router->Illuminate\\Routing\\{closure}()
#8 /home/velriders/htdocs/velriders.com/app/Http/Middleware/CarHostAuth.php(49): Illuminate\\Pipeline\\Pipeline->Illuminate\\Pipeline\\{closure}()
#9 /home/velriders/htdocs/velriders.com/vendor/laravel/framework/src/Illuminate/Pipeline/Pipeline.php(183): App\\Http\\Middleware\\CarHostAuth->handle()
#10 /home/velriders/htdocs/velriders.com/vendor/laravel/framework/src/Illuminate/Routing/Middleware/SubstituteBindings.php(50): Illuminate\\Pipeline\\Pipeline->Illuminate\\Pipeline\\{closure}()
#11 /home/velriders/htdocs/velriders.com/vendor/laravel/framework/src/Illuminate/Pipeline/Pipeline.php(183): Illuminate\\Routing\\Middleware\\SubstituteBindings->handle()
#12 /home/velriders/htdocs/velriders.com/vendor/laravel/framework/src/Illuminate/Routing/Middleware/ThrottleRequests.php(159): Illuminate\\Pipeline\\Pipeline->Illuminate\\Pipeline\\{closure}()
#13 /home/velriders/htdocs/velriders.com/vendor/laravel/framework/src/Illuminate/Routing/Middleware/ThrottleRequests.php(90): Illuminate\\Routing\\Middleware\\ThrottleRequests->handleRequest()
#14 /home/velriders/htdocs/velriders.com/vendor/laravel/framework/src/Illuminate/Pipeline/Pipeline.php(183): Illuminate\\Routing\\Middleware\\ThrottleRequests->handle()
#15 /home/velriders/htdocs/velriders.com/vendor/laravel/framework/src/Illuminate/Session/Middleware/StartSession.php(121): Illuminate\\Pipeline\\Pipeline->Illuminate\\Pipeline\\{closure}()
#16 /home/velriders/htdocs/velriders.com/vendor/laravel/framework/src/Illuminate/Session/Middleware/StartSession.php(64): Illuminate\\Session\\Middleware\\StartSession->handleStatefulRequest()
#17 /home/velriders/htdocs/velriders.com/vendor/laravel/framework/src/Illuminate/Pipeline/Pipeline.php(183): Illuminate\\Session\\Middleware\\StartSession->handle()
#18 /home/velriders/htdocs/velriders.com/vendor/laravel/framework/src/Illuminate/Pipeline/Pipeline.php(119): Illuminate\\Pipeline\\Pipeline->Illuminate\\Pipeline\\{closure}()
#19 /home/velriders/htdocs/velriders.com/vendor/laravel/framework/src/Illuminate/Routing/Router.php(805): Illuminate\\Pipeline\\Pipeline->then()
#20 /home/velriders/htdocs/velriders.com/vendor/laravel/framework/src/Illuminate/Routing/Router.php(784): Illuminate\\Routing\\Router->runRouteWithinStack()
#21 /home/velriders/htdocs/velriders.com/vendor/laravel/framework/src/Illuminate/Routing/Router.php(748): Illuminate\\Routing\\Router->runRoute()
#22 /home/velriders/htdocs/velriders.com/vendor/laravel/framework/src/Illuminate/Routing/Router.php(737): Illuminate\\Routing\\Router->dispatchToRoute()
#23 /home/velriders/htdocs/velriders.com/vendor/laravel/framework/src/Illuminate/Foundation/Http/Kernel.php(200): Illuminate\\Routing\\Router->dispatch()
#24 /home/velriders/htdocs/velriders.com/vendor/laravel/framework/src/Illuminate/Pipeline/Pipeline.php(144): Illuminate\\Foundation\\Http\\Kernel->Illuminate\\Foundation\\Http\\{closure}()
#25 /home/velriders/htdocs/velriders.com/vendor/laravel/framework/src/Illuminate/Foundation/Http/Middleware/TransformsRequest.php(21): Illuminate\\Pipeline\\Pipeline->Illuminate\\Pipeline\\{closure}()
#26 /home/velriders/htdocs/velriders.com/vendor/laravel/framework/src/Illuminate/Foundation/Http/Middleware/ConvertEmptyStringsToNull.php(31): Illuminate\\Foundation\\Http\\Middleware\\TransformsRequest->handle()
#27 /home/velriders/htdocs/velriders.com/vendor/laravel/framework/src/Illuminate/Pipeline/Pipeline.php(183): Illuminate\\Foundation\\Http\\Middleware\\ConvertEmptyStringsToNull->handle()
#28 /home/velriders/htdocs/velriders.com/vendor/laravel/framework/src/Illuminate/Foundation/Http/Middleware/TransformsRequest.php(21): Illuminate\\Pipeline\\Pipeline->Illuminate\\Pipeline\\{closure}()
#29 /home/velriders/htdocs/velriders.com/vendor/laravel/framework/src/Illuminate/Foundation/Http/Middleware/TrimStrings.php(40): Illuminate\\Foundation\\Http\\Middleware\\TransformsRequest->handle()
#30 /home/velriders/htdocs/velriders.com/vendor/laravel/framework/src/Illuminate/Pipeline/Pipeline.php(183): Illuminate\\Foundation\\Http\\Middleware\\TrimStrings->handle()
#31 /home/velriders/htdocs/velriders.com/vendor/laravel/framework/src/Illuminate/Foundation/Http/Middleware/ValidatePostSize.php(27): Illuminate\\Pipeline\\Pipeline->Illuminate\\Pipeline\\{closure}()
#32 /home/velriders/htdocs/velriders.com/vendor/laravel/framework/src/Illuminate/Pipeline/Pipeline.php(183): Illuminate\\Foundation\\Http\\Middleware\\ValidatePostSize->handle()
#33 /home/velriders/htdocs/velriders.com/vendor/laravel/framework/src/Illuminate/Foundation/Http/Middleware/PreventRequestsDuringMaintenance.php(99): Illuminate\\Pipeline\\Pipeline->Illuminate\\Pipeline\\{closure}()
#34 /home/velriders/htdocs/velriders.com/vendor/laravel/framework/src/Illuminate/Pipeline/Pipeline.php(183): Illuminate\\Foundation\\Http\\Middleware\\PreventRequestsDuringMaintenance->handle()
#35 /home/velriders/htdocs/velriders.com/vendor/laravel/framework/src/Illuminate/Http/Middleware/HandleCors.php(62): Illuminate\\Pipeline\\Pipeline->Illuminate\\Pipeline\\{closure}()
#36 /home/velriders/htdocs/velriders.com/vendor/laravel/framework/src/Illuminate/Pipeline/Pipeline.php(183): Illuminate\\Http\\Middleware\\HandleCors->handle()
#37 /home/velriders/htdocs/velriders.com/vendor/laravel/framework/src/Illuminate/Http/Middleware/TrustProxies.php(39): Illuminate\\Pipeline\\Pipeline->Illuminate\\Pipeline\\{closure}()
#38 /home/velriders/htdocs/velriders.com/vendor/laravel/framework/src/Illuminate/Pipeline/Pipeline.php(183): Illuminate\\Http\\Middleware\\TrustProxies->handle()
#39 /home/velriders/htdocs/velriders.com/vendor/laravel/framework/src/Illuminate/Pipeline/Pipeline.php(119): Illuminate\\Pipeline\\Pipeline->Illuminate\\Pipeline\\{closure}()
#40 /home/velriders/htdocs/velriders.com/vendor/laravel/framework/src/Illuminate/Foundation/Http/Kernel.php(175): Illuminate\\Pipeline\\Pipeline->then()
#41 /home/velriders/htdocs/velriders.com/vendor/laravel/framework/src/Illuminate/Foundation/Http/Kernel.php(144): Illuminate\\Foundation\\Http\\Kernel->sendRequestThroughRouter()
#42 /home/velriders/htdocs/velriders.com/public/index.php(51): Illuminate\\Foundation\\Http\\Kernel->handle()
#43 {main}
"} 
[2026-07-07 21:38:06] production.ERROR: Attempt to read property "latitude" on null {"userId":40,"exception":"[object] (ErrorException(code: 0): Attempt to read property \"latitude\" on null at /home/velriders/htdocs/velriders.com/app/Http/Controllers/CarhostAppApis/V1/CarHostVehicleController.php:402)
[stacktrace]
#0 /home/velriders/htdocs/velriders.com/vendor/laravel/framework/src/Illuminate/Foundation/Bootstrap/HandleExceptions.php(255): Illuminate\\Foundation\\Bootstrap\\HandleExceptions->handleError()
#1 /home/velriders/htdocs/velriders.com/app/Http/Controllers/CarhostAppApis/V1/CarHostVehicleController.php(402): Illuminate\\Foundation\\Bootstrap\\HandleExceptions->Illuminate\\Foundation\\Bootstrap\\{closure}()
#2 /home/velriders/htdocs/velriders.com/vendor/laravel/framework/src/Illuminate/Routing/Controller.php(54): App\\Http\\Controllers\\CarhostAppApis\\V1\\CarHostVehicleController->storePickupLocationDetails()
#3 /home/velriders/htdocs/velriders.com/vendor/laravel/framework/src/Illuminate/Routing/ControllerDispatcher.php(43): Illuminate\\Routing\\Controller->callAction()
#4 /home/velriders/htdocs/velriders.com/vendor/laravel/framework/src/Illuminate/Routing/Route.php(259): Illuminate\\Routing\\ControllerDispatcher->dispatch()
#5 /home/velriders/htdocs/velriders.com/vendor/laravel/framework/src/Illuminate/Routing/Route.php(205): Illuminate\\Routing\\Route->runController()
#6 /home/velriders/htdocs/velriders.com/vendor/laravel/framework/src/Illuminate/Routing/Router.php(806): Illuminate\\Routing\\Route->run()
#7 /home/velriders/htdocs/velriders.com/vendor/laravel/framework/src/Illuminate/Pipeline/Pipeline.php(144): Illuminate\\Routing\\Router->Illuminate\\Routing\\{closure}()
#8 /home/velriders/htdocs/velriders.com/app/Http/Middleware/CarHostAuth.php(49): Illuminate\\Pipeline\\Pipeline->Illuminate\\Pipeline\\{closure}()
#9 /home/velriders/htdocs/velriders.com/vendor/laravel/framework/src/Illuminate/Pipeline/Pipeline.php(183): App\\Http\\Middleware\\CarHostAuth->handle()
#10 /home/velriders/htdocs/velriders.com/vendor/laravel/framework/src/Illuminate/Routing/Middleware/SubstituteBindings.php(50): Illuminate\\Pipeline\\Pipeline->Illuminate\\Pipeline\\{closure}()
#11 /home/velriders/htdocs/velriders.com/vendor/laravel/framework/src/Illuminate/Pipeline/Pipeline.php(183): Illuminate\\Routing\\Middleware\\SubstituteBindings->handle()
#12 /home/velriders/htdocs/velriders.com/vendor/laravel/framework/src/Illuminate/Routing/Middleware/ThrottleRequests.php(159): Illuminate\\Pipeline\\Pipeline->Illuminate\\Pipeline\\{closure}()
#13 /home/velriders/htdocs/velriders.com/vendor/laravel/framework/src/Illuminate/Routing/Middleware/ThrottleRequests.php(90): Illuminate\\Routing\\Middleware\\ThrottleRequests->handleRequest()
#14 /home/velriders/htdocs/velriders.com/vendor/laravel/framework/src/Illuminate/Pipeline/Pipeline.php(183): Illuminate\\Routing\\Middleware\\ThrottleRequests->handle()
#15 /home/velriders/htdocs/velriders.com/vendor/laravel/framework/src/Illuminate/Session/Middleware/StartSession.php(121): Illuminate\\Pipeline\\Pipeline->Illuminate\\Pipeline\\{closure}()
#16 /home/velriders/htdocs/velriders.com/vendor/laravel/framework/src/Illuminate/Session/Middleware/StartSession.php(64): Illuminate\\Session\\Middleware\\StartSession->handleStatefulRequest()
#17 /home/velriders/htdocs/velriders.com/vendor/laravel/framework/src/Illuminate/Pipeline/Pipeline.php(183): Illuminate\\Session\\Middleware\\StartSession->handle()
#18 /home/velriders/htdocs/velriders.com/vendor/laravel/framework/src/Illuminate/Pipeline/Pipeline.php(119): Illuminate\\Pipeline\\Pipeline->Illuminate\\Pipeline\\{closure}()
#19 /home/velriders/htdocs/velriders.com/vendor/laravel/framework/src/Illuminate/Routing/Router.php(805): Illuminate\\Pipeline\\Pipeline->then()
#20 /home/velriders/htdocs/velriders.com/vendor/laravel/framework/src/Illuminate/Routing/Router.php(784): Illuminate\\Routing\\Router->runRouteWithinStack()
#21 /home/velriders/htdocs/velriders.com/vendor/laravel/framework/src/Illuminate/Routing/Router.php(748): Illuminate\\Routing\\Router->runRoute()
#22 /home/velriders/htdocs/velriders.com/vendor/laravel/framework/src/Illuminate/Routing/Router.php(737): Illuminate\\Routing\\Router->dispatchToRoute()
#23 /home/velriders/htdocs/velriders.com/vendor/laravel/framework/src/Illuminate/Foundation/Http/Kernel.php(200): Illuminate\\Routing\\Router->dispatch()
#24 /home/velriders/htdocs/velriders.com/vendor/laravel/framework/src/Illuminate/Pipeline/Pipeline.php(144): Illuminate\\Foundation\\Http\\Kernel->Illuminate\\Foundation\\Http\\{closure}()
#25 /home/velriders/htdocs/velriders.com/vendor/laravel/framework/src/Illuminate/Foundation/Http/Middleware/TransformsRequest.php(21): Illuminate\\Pipeline\\Pipeline->Illuminate\\Pipeline\\{closure}()
#26 /home/velriders/htdocs/velriders.com/vendor/laravel/framework/src/Illuminate/Foundation/Http/Middleware/ConvertEmptyStringsToNull.php(31): Illuminate\\Foundation\\Http\\Middleware\\TransformsRequest->handle()
#27 /home/velriders/htdocs/velriders.com/vendor/laravel/framework/src/Illuminate/Pipeline/Pipeline.php(183): Illuminate\\Foundation\\Http\\Middleware\\ConvertEmptyStringsToNull->handle()
#28 /home/velriders/htdocs/velriders.com/vendor/laravel/framework/src/Illuminate/Foundation/Http/Middleware/TransformsRequest.php(21): Illuminate\\Pipeline\\Pipeline->Illuminate\\Pipeline\\{closure}()
#29 /home/velriders/htdocs/velriders.com/vendor/laravel/framework/src/Illuminate/Foundation/Http/Middleware/TrimStrings.php(40): Illuminate\\Foundation\\Http\\Middleware\\TransformsRequest->handle()
#30 /home/velriders/htdocs/velriders.com/vendor/laravel/framework/src/Illuminate/Pipeline/Pipeline.php(183): Illuminate\\Foundation\\Http\\Middleware\\TrimStrings->handle()
#31 /home/velriders/htdocs/velriders.com/vendor/laravel/framework/src/Illuminate/Foundation/Http/Middleware/ValidatePostSize.php(27): Illuminate\\Pipeline\\Pipeline->Illuminate\\Pipeline\\{closure}()
#32 /home/velriders/htdocs/velriders.com/vendor/laravel/framework/src/Illuminate/Pipeline/Pipeline.php(183): Illuminate\\Foundation\\Http\\Middleware\\ValidatePostSize->handle()
#33 /home/velriders/htdocs/velriders.com/vendor/laravel/framework/src/Illuminate/Foundation/Http/Middleware/PreventRequestsDuringMaintenance.php(99): Illuminate\\Pipeline\\Pipeline->Illuminate\\Pipeline\\{closure}()
#34 /home/velriders/htdocs/velriders.com/vendor/laravel/framework/src/Illuminate/Pipeline/Pipeline.php(183): Illuminate\\Foundation\\Http\\Middleware\\PreventRequestsDuringMaintenance->handle()
#35 /home/velriders/htdocs/velriders.com/vendor/laravel/framework/src/Illuminate/Http/Middleware/HandleCors.php(62): Illuminate\\Pipeline\\Pipeline->Illuminate\\Pipeline\\{closure}()
#36 /home/velriders/htdocs/velriders.com/vendor/laravel/framework/src/Illuminate/Pipeline/Pipeline.php(183): Illuminate\\Http\\Middleware\\HandleCors->handle()
#37 /home/velriders/htdocs/velriders.com/vendor/laravel/framework/src/Illuminate/Http/Middleware/TrustProxies.php(39): Illuminate\\Pipeline\\Pipeline->Illuminate\\Pipeline\\{closure}()
#38 /home/velriders/htdocs/velriders.com/vendor/laravel/framework/src/Illuminate/Pipeline/Pipeline.php(183): Illuminate\\Http\\Middleware\\TrustProxies->handle()
#39 /home/velriders/htdocs/velriders.com/vendor/laravel/framework/src/Illuminate/Pipeline/Pipeline.php(119): Illuminate\\Pipeline\\Pipeline->Illuminate\\Pipeline\\{closure}()
#40 /home/velriders/htdocs/velriders.com/vendor/laravel/framework/src/Illuminate/Foundation/Http/Kernel.php(175): Illuminate\\Pipeline\\Pipeline->then()
#41 /home/velriders/htdocs/velriders.com/vendor/laravel/framework/src/Illuminate/Foundation/Http/Kernel.php(144): Illuminate\\Foundation\\Http\\Kernel->sendRequestThroughRouter()
#42 /home/velriders/htdocs/velriders.com/public/index.php(51): Illuminate\\Foundation\\Http\\Kernel->handle()
#43 {main}
"} 
[2026-07-07 21:38:23] production.ERROR: Attempt to read property "latitude" on null {"userId":40,"exception":"[object] (ErrorException(code: 0): Attempt to read property \"latitude\" on null at /home/velriders/htdocs/velriders.com/app/Http/Controllers/CarhostAppApis/V1/CarHostVehicleController.php:402)
[stacktrace]
#0 /home/velriders/htdocs/velriders.com/vendor/laravel/framework/src/Illuminate/Foundation/Bootstrap/HandleExceptions.php(255): Illuminate\\Foundation\\Bootstrap\\HandleExceptions->handleError()
#1 /home/velriders/htdocs/velriders.com/app/Http/Controllers/CarhostAppApis/V1/CarHostVehicleController.php(402): Illuminate\\Foundation\\Bootstrap\\HandleExceptions->Illuminate\\Foundation\\Bootstrap\\{closure}()
#2 /home/velriders/htdocs/velriders.com/vendor/laravel/framework/src/Illuminate/Routing/Controller.php(54): App\\Http\\Controllers\\CarhostAppApis\\V1\\CarHostVehicleController->storePickupLocationDetails()
#3 /home/velriders/htdocs/velriders.com/vendor/laravel/framework/src/Illuminate/Routing/ControllerDispatcher.php(43): Illuminate\\Routing\\Controller->callAction()
#4 /home/velriders/htdocs/velriders.com/vendor/laravel/framework/src/Illuminate/Routing/Route.php(259): Illuminate\\Routing\\ControllerDispatcher->dispatch()
#5 /home/velriders/htdocs/velriders.com/vendor/laravel/framework/src/Illuminate/Routing/Route.php(205): Illuminate\\Routing\\Route->runController()
#6 /home/velriders/htdocs/velriders.com/vendor/laravel/framework/src/Illuminate/Routing/Router.php(806): Illuminate\\Routing\\Route->run()
#7 /home/velriders/htdocs/velriders.com/vendor/laravel/framework/src/Illuminate/Pipeline/Pipeline.php(144): Illuminate\\Routing\\Router->Illuminate\\Routing\\{closure}()
#8 /home/velriders/htdocs/velriders.com/app/Http/Middleware/CarHostAuth.php(49): Illuminate\\Pipeline\\Pipeline->Illuminate\\Pipeline\\{closure}()
#9 /home/velriders/htdocs/velriders.com/vendor/laravel/framework/src/Illuminate/Pipeline/Pipeline.php(183): App\\Http\\Middleware\\CarHostAuth->handle()
#10 /home/velriders/htdocs/velriders.com/vendor/laravel/framework/src/Illuminate/Routing/Middleware/SubstituteBindings.php(50): Illuminate\\Pipeline\\Pipeline->Illuminate\\Pipeline\\{closure}()
#11 /home/velriders/htdocs/velriders.com/vendor/laravel/framework/src/Illuminate/Pipeline/Pipeline.php(183): Illuminate\\Routing\\Middleware\\SubstituteBindings->handle()
#12 /home/velriders/htdocs/velriders.com/vendor/laravel/framework/src/Illuminate/Routing/Middleware/ThrottleRequests.php(159): Illuminate\\Pipeline\\Pipeline->Illuminate\\Pipeline\\{closure}()
#13 /home/velriders/htdocs/velriders.com/vendor/laravel/framework/src/Illuminate/Routing/Middleware/ThrottleRequests.php(90): Illuminate\\Routing\\Middleware\\ThrottleRequests->handleRequest()
#14 /home/velriders/htdocs/velriders.com/vendor/laravel/framework/src/Illuminate/Pipeline/Pipeline.php(183): Illuminate\\Routing\\Middleware\\ThrottleRequests->handle()
#15 /home/velriders/htdocs/velriders.com/vendor/laravel/framework/src/Illuminate/Session/Middleware/StartSession.php(121): Illuminate\\Pipeline\\Pipeline->Illuminate\\Pipeline\\{closure}()
#16 /home/velriders/htdocs/velriders.com/vendor/laravel/framework/src/Illuminate/Session/Middleware/StartSession.php(64): Illuminate\\Session\\Middleware\\StartSession->handleStatefulRequest()
#17 /home/velriders/htdocs/velriders.com/vendor/laravel/framework/src/Illuminate/Pipeline/Pipeline.php(183): Illuminate\\Session\\Middleware\\StartSession->handle()
#18 /home/velriders/htdocs/velriders.com/vendor/laravel/framework/src/Illuminate/Pipeline/Pipeline.php(119): Illuminate\\Pipeline\\Pipeline->Illuminate\\Pipeline\\{closure}()
#19 /home/velriders/htdocs/velriders.com/vendor/laravel/framework/src/Illuminate/Routing/Router.php(805): Illuminate\\Pipeline\\Pipeline->then()
#20 /home/velriders/htdocs/velriders.com/vendor/laravel/framework/src/Illuminate/Routing/Router.php(784): Illuminate\\Routing\\Router->runRouteWithinStack()
#21 /home/velriders/htdocs/velriders.com/vendor/laravel/framework/src/Illuminate/Routing/Router.php(748): Illuminate\\Routing\\Router->runRoute()
#22 /home/velriders/htdocs/velriders.com/vendor/laravel/framework/src/Illuminate/Routing/Router.php(737): Illuminate\\Routing\\Router->dispatchToRoute()
#23 /home/velriders/htdocs/velriders.com/vendor/laravel/framework/src/Illuminate/Foundation/Http/Kernel.php(200): Illuminate\\Routing\\Router->dispatch()
#24 /home/velriders/htdocs/velriders.com/vendor/laravel/framework/src/Illuminate/Pipeline/Pipeline.php(144): Illuminate\\Foundation\\Http\\Kernel->Illuminate\\Foundation\\Http\\{closure}()
#25 /home/velriders/htdocs/velriders.com/vendor/laravel/framework/src/Illuminate/Foundation/Http/Middleware/TransformsRequest.php(21): Illuminate\\Pipeline\\Pipeline->Illuminate\\Pipeline\\{closure}()
#26 /home/velriders/htdocs/velriders.com/vendor/laravel/framework/src/Illuminate/Foundation/Http/Middleware/ConvertEmptyStringsToNull.php(31): Illuminate\\Foundation\\Http\\Middleware\\TransformsRequest->handle()
#27 /home/velriders/htdocs/velriders.com/vendor/laravel/framework/src/Illuminate/Pipeline/Pipeline.php(183): Illuminate\\Foundation\\Http\\Middleware\\ConvertEmptyStringsToNull->handle()
#28 /home/velriders/htdocs/velriders.com/vendor/laravel/framework/src/Illuminate/Foundation/Http/Middleware/TransformsRequest.php(21): Illuminate\\Pipeline\\Pipeline->Illuminate\\Pipeline\\{closure}()
#29 /home/velriders/htdocs/velriders.com/vendor/laravel/framework/src/Illuminate/Foundation/Http/Middleware/TrimStrings.php(40): Illuminate\\Foundation\\Http\\Middleware\\TransformsRequest->handle()
#30 /home/velriders/htdocs/velriders.com/vendor/laravel/framework/src/Illuminate/Pipeline/Pipeline.php(183): Illuminate\\Foundation\\Http\\Middleware\\TrimStrings->handle()
#31 /home/velriders/htdocs/velriders.com/vendor/laravel/framework/src/Illuminate/Foundation/Http/Middleware/ValidatePostSize.php(27): Illuminate\\Pipeline\\Pipeline->Illuminate\\Pipeline\\{closure}()
#32 /home/velriders/htdocs/velriders.com/vendor/laravel/framework/src/Illuminate/Pipeline/Pipeline.php(183): Illuminate\\Foundation\\Http\\Middleware\\ValidatePostSize->handle()
#33 /home/velriders/htdocs/velriders.com/vendor/laravel/framework/src/Illuminate/Foundation/Http/Middleware/PreventRequestsDuringMaintenance.php(99): Illuminate\\Pipeline\\Pipeline->Illuminate\\Pipeline\\{closure}()
#34 /home/velriders/htdocs/velriders.com/vendor/laravel/framework/src/Illuminate/Pipeline/Pipeline.php(183): Illuminate\\Foundation\\Http\\Middleware\\PreventRequestsDuringMaintenance->handle()
#35 /home/velriders/htdocs/velriders.com/vendor/laravel/framework/src/Illuminate/Http/Middleware/HandleCors.php(62): Illuminate\\Pipeline\\Pipeline->Illuminate\\Pipeline\\{closure}()
#36 /home/velriders/htdocs/velriders.com/vendor/laravel/framework/src/Illuminate/Pipeline/Pipeline.php(183): Illuminate\\Http\\Middleware\\HandleCors->handle()
#37 /home/velriders/htdocs/velriders.com/vendor/laravel/framework/src/Illuminate/Http/Middleware/TrustProxies.php(39): Illuminate\\Pipeline\\Pipeline->Illuminate\\Pipeline\\{closure}()
#38 /home/velriders/htdocs/velriders.com/vendor/laravel/framework/src/Illuminate/Pipeline/Pipeline.php(183): Illuminate\\Http\\Middleware\\TrustProxies->handle()
#39 /home/velriders/htdocs/velriders.com/vendor/laravel/framework/src/Illuminate/Pipeline/Pipeline.php(119): Illuminate\\Pipeline\\Pipeline->Illuminate\\Pipeline\\{closure}()
#40 /home/velriders/htdocs/velriders.com/vendor/laravel/framework/src/Illuminate/Foundation/Http/Kernel.php(175): Illuminate\\Pipeline\\Pipeline->then()
#41 /home/velriders/htdocs/velriders.com/vendor/laravel/framework/src/Illuminate/Foundation/Http/Kernel.php(144): Illuminate\\Foundation\\Http\\Kernel->sendRequestThroughRouter()
#42 /home/velriders/htdocs/velriders.com/public/index.php(51): Illuminate\\Foundation\\Http\\Kernel->handle()
#43 {main}
"} 
[2026-07-07 21:38:27] production.ERROR: Attempt to read property "latitude" on null {"userId":40,"exception":"[object] (ErrorException(code: 0): Attempt to read property \"latitude\" on null at /home/velriders/htdocs/velriders.com/app/Http/Controllers/CarhostAppApis/V1/CarHostVehicleController.php:402)
[stacktrace]
#0 /home/velriders/htdocs/velriders.com/vendor/laravel/framework/src/Illuminate/Foundation/Bootstrap/HandleExceptions.php(255): Illuminate\\Foundation\\Bootstrap\\HandleExceptions->handleError()
#1 /home/velriders/htdocs/velriders.com/app/Http/Controllers/CarhostAppApis/V1/CarHostVehicleController.php(402): Illuminate\\Foundation\\Bootstrap\\HandleExceptions->Illuminate\\Foundation\\Bootstrap\\{closure}()
#2 /home/velriders/htdocs/velriders.com/vendor/laravel/framework/src/Illuminate/Routing/Controller.php(54): App\\Http\\Controllers\\CarhostAppApis\\V1\\CarHostVehicleController->storePickupLocationDetails()
#3 /home/velriders/htdocs/velriders.com/vendor/laravel/framework/src/Illuminate/Routing/ControllerDispatcher.php(43): Illuminate\\Routing\\Controller->callAction()
#4 /home/velriders/htdocs/velriders.com/vendor/laravel/framework/src/Illuminate/Routing/Route.php(259): Illuminate\\Routing\\ControllerDispatcher->dispatch()
#5 /home/velriders/htdocs/velriders.com/vendor/laravel/framework/src/Illuminate/Routing/Route.php(205): Illuminate\\Routing\\Route->runController()
#6 /home/velriders/htdocs/velriders.com/vendor/laravel/framework/src/Illuminate/Routing/Router.php(806): Illuminate\\Routing\\Route->run()
#7 /home/velriders/htdocs/velriders.com/vendor/laravel/framework/src/Illuminate/Pipeline/Pipeline.php(144): Illuminate\\Routing\\Router->Illuminate\\Routing\\{closure}()
#8 /home/velriders/htdocs/velriders.com/app/Http/Middleware/CarHostAuth.php(49): Illuminate\\Pipeline\\Pipeline->Illuminate\\Pipeline\\{closure}()
#9 /home/velriders/htdocs/velriders.com/vendor/laravel/framework/src/Illuminate/Pipeline/Pipeline.php(183): App\\Http\\Middleware\\CarHostAuth->handle()
#10 /home/velriders/htdocs/velriders.com/vendor/laravel/framework/src/Illuminate/Routing/Middleware/SubstituteBindings.php(50): Illuminate\\Pipeline\\Pipeline->Illuminate\\Pipeline\\{closure}()
#11 /home/velriders/htdocs/velriders.com/vendor/laravel/framework/src/Illuminate/Pipeline/Pipeline.php(183): Illuminate\\Routing\\Middleware\\SubstituteBindings->handle()
#12 /home/velriders/htdocs/velriders.com/vendor/laravel/framework/src/Illuminate/Routing/Middleware/ThrottleRequests.php(159): Illuminate\\Pipeline\\Pipeline->Illuminate\\Pipeline\\{closure}()
#13 /home/velriders/htdocs/velriders.com/vendor/laravel/framework/src/Illuminate/Routing/Middleware/ThrottleRequests.php(90): Illuminate\\Routing\\Middleware\\ThrottleRequests->handleRequest()
#14 /home/velriders/htdocs/velriders.com/vendor/laravel/framework/src/Illuminate/Pipeline/Pipeline.php(183): Illuminate\\Routing\\Middleware\\ThrottleRequests->handle()
#15 /home/velriders/htdocs/velriders.com/vendor/laravel/framework/src/Illuminate/Session/Middleware/StartSession.php(121): Illuminate\\Pipeline\\Pipeline->Illuminate\\Pipeline\\{closure}()
#16 /home/velriders/htdocs/velriders.com/vendor/laravel/framework/src/Illuminate/Session/Middleware/StartSession.php(64): Illuminate\\Session\\Middleware\\StartSession->handleStatefulRequest()
#17 /home/velriders/htdocs/velriders.com/vendor/laravel/framework/src/Illuminate/Pipeline/Pipeline.php(183): Illuminate\\Session\\Middleware\\StartSession->handle()
#18 /home/velriders/htdocs/velriders.com/vendor/laravel/framework/src/Illuminate/Pipeline/Pipeline.php(119): Illuminate\\Pipeline\\Pipeline->Illuminate\\Pipeline\\{closure}()
#19 /home/velriders/htdocs/velriders.com/vendor/laravel/framework/src/Illuminate/Routing/Router.php(805): Illuminate\\Pipeline\\Pipeline->then()
#20 /home/velriders/htdocs/velriders.com/vendor/laravel/framework/src/Illuminate/Routing/Router.php(784): Illuminate\\Routing\\Router->runRouteWithinStack()
#21 /home/velriders/htdocs/velriders.com/vendor/laravel/framework/src/Illuminate/Routing/Router.php(748): Illuminate\\Routing\\Router->runRoute()
#22 /home/velriders/htdocs/velriders.com/vendor/laravel/framework/src/Illuminate/Routing/Router.php(737): Illuminate\\Routing\\Router->dispatchToRoute()
#23 /home/velriders/htdocs/velriders.com/vendor/laravel/framework/src/Illuminate/Foundation/Http/Kernel.php(200): Illuminate\\Routing\\Router->dispatch()
#24 /home/velriders/htdocs/velriders.com/vendor/laravel/framework/src/Illuminate/Pipeline/Pipeline.php(144): Illuminate\\Foundation\\Http\\Kernel->Illuminate\\Foundation\\Http\\{closure}()
#25 /home/velriders/htdocs/velriders.com/vendor/laravel/framework/src/Illuminate/Foundation/Http/Middleware/TransformsRequest.php(21): Illuminate\\Pipeline\\Pipeline->Illuminate\\Pipeline\\{closure}()
#26 /home/velriders/htdocs/velriders.com/vendor/laravel/framework/src/Illuminate/Foundation/Http/Middleware/ConvertEmptyStringsToNull.php(31): Illuminate\\Foundation\\Http\\Middleware\\TransformsRequest->handle()
#27 /home/velriders/htdocs/velriders.com/vendor/laravel/framework/src/Illuminate/Pipeline/Pipeline.php(183): Illuminate\\Foundation\\Http\\Middleware\\ConvertEmptyStringsToNull->handle()
#28 /home/velriders/htdocs/velriders.com/vendor/laravel/framework/src/Illuminate/Foundation/Http/Middleware/TransformsRequest.php(21): Illuminate\\Pipeline\\Pipeline->Illuminate\\Pipeline\\{closure}()
#29 /home/velriders/htdocs/velriders.com/vendor/laravel/framework/src/Illuminate/Foundation/Http/Middleware/TrimStrings.php(40): Illuminate\\Foundation\\Http\\Middleware\\TransformsRequest->handle()
#30 /home/velriders/htdocs/velriders.com/vendor/laravel/framework/src/Illuminate/Pipeline/Pipeline.php(183): Illuminate\\Foundation\\Http\\Middleware\\TrimStrings->handle()
#31 /home/velriders/htdocs/velriders.com/vendor/laravel/framework/src/Illuminate/Foundation/Http/Middleware/ValidatePostSize.php(27): Illuminate\\Pipeline\\Pipeline->Illuminate\\Pipeline\\{closure}()
#32 /home/velriders/htdocs/velriders.com/vendor/laravel/framework/src/Illuminate/Pipeline/Pipeline.php(183): Illuminate\\Foundation\\Http\\Middleware\\ValidatePostSize->handle()
#33 /home/velriders/htdocs/velriders.com/vendor/laravel/framework/src/Illuminate/Foundation/Http/Middleware/PreventRequestsDuringMaintenance.php(99): Illuminate\\Pipeline\\Pipeline->Illuminate\\Pipeline\\{closure}()
#34 /home/velriders/htdocs/velriders.com/vendor/laravel/framework/src/Illuminate/Pipeline/Pipeline.php(183): Illuminate\\Foundation\\Http\\Middleware\\PreventRequestsDuringMaintenance->handle()
#35 /home/velriders/htdocs/velriders.com/vendor/laravel/framework/src/Illuminate/Http/Middleware/HandleCors.php(62): Illuminate\\Pipeline\\Pipeline->Illuminate\\Pipeline\\{closure}()
#36 /home/velriders/htdocs/velriders.com/vendor/laravel/framework/src/Illuminate/Pipeline/Pipeline.php(183): Illuminate\\Http\\Middleware\\HandleCors->handle()
#37 /home/velriders/htdocs/velriders.com/vendor/laravel/framework/src/Illuminate/Http/Middleware/TrustProxies.php(39): Illuminate\\Pipeline\\Pipeline->Illuminate\\Pipeline\\{closure}()
#38 /home/velriders/htdocs/velriders.com/vendor/laravel/framework/src/Illuminate/Pipeline/Pipeline.php(183): Illuminate\\Http\\Middleware\\TrustProxies->handle()
#39 /home/velriders/htdocs/velriders.com/vendor/laravel/framework/src/Illuminate/Pipeline/Pipeline.php(119): Illuminate\\Pipeline\\Pipeline->Illuminate\\Pipeline\\{closure}()
#40 /home/velriders/htdocs/velriders.com/vendor/laravel/framework/src/Illuminate/Foundation/Http/Kernel.php(175): Illuminate\\Pipeline\\Pipeline->then()
#41 /home/velriders/htdocs/velriders.com/vendor/laravel/framework/src/Illuminate/Foundation/Http/Kernel.php(144): Illuminate\\Foundation\\Http\\Kernel->sendRequestThroughRouter()
#42 /home/velriders/htdocs/velriders.com/public/index.php(51): Illuminate\\Foundation\\Http\\Kernel->handle()
#43 {main}
"} 
[2026-07-07 21:41:01] production.ERROR: Attempt to read property "latitude" on null {"userId":40,"exception":"[object] (ErrorException(code: 0): Attempt to read property \"latitude\" on null at /home/velriders/htdocs/velriders.com/app/Http/Controllers/CarhostAppApis/V1/CarHostVehicleController.php:402)
[stacktrace]
#0 /home/velriders/htdocs/velriders.com/vendor/laravel/framework/src/Illuminate/Foundation/Bootstrap/HandleExceptions.php(255): Illuminate\\Foundation\\Bootstrap\\HandleExceptions->handleError()
#1 /home/velriders/htdocs/velriders.com/app/Http/Controllers/CarhostAppApis/V1/CarHostVehicleController.php(402): Illuminate\\Foundation\\Bootstrap\\HandleExceptions->Illuminate\\Foundation\\Bootstrap\\{closure}()
#2 /home/velriders/htdocs/velriders.com/vendor/laravel/framework/src/Illuminate/Routing/Controller.php(54): App\\Http\\Controllers\\CarhostAppApis\\V1\\CarHostVehicleController->storePickupLocationDetails()
#3 /home/velriders/htdocs/velriders.com/vendor/laravel/framework/src/Illuminate/Routing/ControllerDispatcher.php(43): Illuminate\\Routing\\Controller->callAction()
#4 /home/velriders/htdocs/velriders.com/vendor/laravel/framework/src/Illuminate/Routing/Route.php(259): Illuminate\\Routing\\ControllerDispatcher->dispatch()
#5 /home/velriders/htdocs/velriders.com/vendor/laravel/framework/src/Illuminate/Routing/Route.php(205): Illuminate\\Routing\\Route->runController()
#6 /home/velriders/htdocs/velriders.com/vendor/laravel/framework/src/Illuminate/Routing/Router.php(806): Illuminate\\Routing\\Route->run()
#7 /home/velriders/htdocs/velriders.com/vendor/laravel/framework/src/Illuminate/Pipeline/Pipeline.php(144): Illuminate\\Routing\\Router->Illuminate\\Routing\\{closure}()
#8 /home/velriders/htdocs/velriders.com/app/Http/Middleware/CarHostAuth.php(49): Illuminate\\Pipeline\\Pipeline->Illuminate\\Pipeline\\{closure}()
#9 /home/velriders/htdocs/velriders.com/vendor/laravel/framework/src/Illuminate/Pipeline/Pipeline.php(183): App\\Http\\Middleware\\CarHostAuth->handle()
#10 /home/velriders/htdocs/velriders.com/vendor/laravel/framework/src/Illuminate/Routing/Middleware/SubstituteBindings.php(50): Illuminate\\Pipeline\\Pipeline->Illuminate\\Pipeline\\{closure}()
#11 /home/velriders/htdocs/velriders.com/vendor/laravel/framework/src/Illuminate/Pipeline/Pipeline.php(183): Illuminate\\Routing\\Middleware\\SubstituteBindings->handle()
#12 /home/velriders/htdocs/velriders.com/vendor/laravel/framework/src/Illuminate/Routing/Middleware/ThrottleRequests.php(159): Illuminate\\Pipeline\\Pipeline->Illuminate\\Pipeline\\{closure}()
#13 /home/velriders/htdocs/velriders.com/vendor/laravel/framework/src/Illuminate/Routing/Middleware/ThrottleRequests.php(90): Illuminate\\Routing\\Middleware\\ThrottleRequests->handleRequest()
#14 /home/velriders/htdocs/velriders.com/vendor/laravel/framework/src/Illuminate/Pipeline/Pipeline.php(183): Illuminate\\Routing\\Middleware\\ThrottleRequests->handle()
#15 /home/velriders/htdocs/velriders.com/vendor/laravel/framework/src/Illuminate/Session/Middleware/StartSession.php(121): Illuminate\\Pipeline\\Pipeline->Illuminate\\Pipeline\\{closure}()
#16 /home/velriders/htdocs/velriders.com/vendor/laravel/framework/src/Illuminate/Session/Middleware/StartSession.php(64): Illuminate\\Session\\Middleware\\StartSession->handleStatefulRequest()
#17 /home/velriders/htdocs/velriders.com/vendor/laravel/framework/src/Illuminate/Pipeline/Pipeline.php(183): Illuminate\\Session\\Middleware\\StartSession->handle()
#18 /home/velriders/htdocs/velriders.com/vendor/laravel/framework/src/Illuminate/Pipeline/Pipeline.php(119): Illuminate\\Pipeline\\Pipeline->Illuminate\\Pipeline\\{closure}()
#19 /home/velriders/htdocs/velriders.com/vendor/laravel/framework/src/Illuminate/Routing/Router.php(805): Illuminate\\Pipeline\\Pipeline->then()
#20 /home/velriders/htdocs/velriders.com/vendor/laravel/framework/src/Illuminate/Routing/Router.php(784): Illuminate\\Routing\\Router->runRouteWithinStack()
#21 /home/velriders/htdocs/velriders.com/vendor/laravel/framework/src/Illuminate/Routing/Router.php(748): Illuminate\\Routing\\Router->runRoute()
#22 /home/velriders/htdocs/velriders.com/vendor/laravel/framework/src/Illuminate/Routing/Router.php(737): Illuminate\\Routing\\Router->dispatchToRoute()
#23 /home/velriders/htdocs/velriders.com/vendor/laravel/framework/src/Illuminate/Foundation/Http/Kernel.php(200): Illuminate\\Routing\\Router->dispatch()
#24 /home/velriders/htdocs/velriders.com/vendor/laravel/framework/src/Illuminate/Pipeline/Pipeline.php(144): Illuminate\\Foundation\\Http\\Kernel->Illuminate\\Foundation\\Http\\{closure}()
#25 /home/velriders/htdocs/velriders.com/vendor/laravel/framework/src/Illuminate/Foundation/Http/Middleware/TransformsRequest.php(21): Illuminate\\Pipeline\\Pipeline->Illuminate\\Pipeline\\{closure}()
#26 /home/velriders/htdocs/velriders.com/vendor/laravel/framework/src/Illuminate/Foundation/Http/Middleware/ConvertEmptyStringsToNull.php(31): Illuminate\\Foundation\\Http\\Middleware\\TransformsRequest->handle()
#27 /home/velriders/htdocs/velriders.com/vendor/laravel/framework/src/Illuminate/Pipeline/Pipeline.php(183): Illuminate\\Foundation\\Http\\Middleware\\ConvertEmptyStringsToNull->handle()
#28 /home/velriders/htdocs/velriders.com/vendor/laravel/framework/src/Illuminate/Foundation/Http/Middleware/TransformsRequest.php(21): Illuminate\\Pipeline\\Pipeline->Illuminate\\Pipeline\\{closure}()
#29 /home/velriders/htdocs/velriders.com/vendor/laravel/framework/src/Illuminate/Foundation/Http/Middleware/TrimStrings.php(40): Illuminate\\Foundation\\Http\\Middleware\\TransformsRequest->handle()
#30 /home/velriders/htdocs/velriders.com/vendor/laravel/framework/src/Illuminate/Pipeline/Pipeline.php(183): Illuminate\\Foundation\\Http\\Middleware\\TrimStrings->handle()
#31 /home/velriders/htdocs/velriders.com/vendor/laravel/framework/src/Illuminate/Foundation/Http/Middleware/ValidatePostSize.php(27): Illuminate\\Pipeline\\Pipeline->Illuminate\\Pipeline\\{closure}()
#32 /home/velriders/htdocs/velriders.com/vendor/laravel/framework/src/Illuminate/Pipeline/Pipeline.php(183): Illuminate\\Foundation\\Http\\Middleware\\ValidatePostSize->handle()
#33 /home/velriders/htdocs/velriders.com/vendor/laravel/framework/src/Illuminate/Foundation/Http/Middleware/PreventRequestsDuringMaintenance.php(99): Illuminate\\Pipeline\\Pipeline->Illuminate\\Pipeline\\{closure}()
#34 /home/velriders/htdocs/velriders.com/vendor/laravel/framework/src/Illuminate/Pipeline/Pipeline.php(183): Illuminate\\Foundation\\Http\\Middleware\\PreventRequestsDuringMaintenance->handle()
#35 /home/velriders/htdocs/velriders.com/vendor/laravel/framework/src/Illuminate/Http/Middleware/HandleCors.php(62): Illuminate\\Pipeline\\Pipeline->Illuminate\\Pipeline\\{closure}()
#36 /home/velriders/htdocs/velriders.com/vendor/laravel/framework/src/Illuminate/Pipeline/Pipeline.php(183): Illuminate\\Http\\Middleware\\HandleCors->handle()
#37 /home/velriders/htdocs/velriders.com/vendor/laravel/framework/src/Illuminate/Http/Middleware/TrustProxies.php(39): Illuminate\\Pipeline\\Pipeline->Illuminate\\Pipeline\\{closure}()
#38 /home/velriders/htdocs/velriders.com/vendor/laravel/framework/src/Illuminate/Pipeline/Pipeline.php(183): Illuminate\\Http\\Middleware\\TrustProxies->handle()
#39 /home/velriders/htdocs/velriders.com/vendor/laravel/framework/src/Illuminate/Pipeline/Pipeline.php(119): Illuminate\\Pipeline\\Pipeline->Illuminate\\Pipeline\\{closure}()
#40 /home/velriders/htdocs/velriders.com/vendor/laravel/framework/src/Illuminate/Foundation/Http/Kernel.php(175): Illuminate\\Pipeline\\Pipeline->then()
#41 /home/velriders/htdocs/velriders.com/vendor/laravel/framework/src/Illuminate/Foundation/Http/Kernel.php(144): Illuminate\\Foundation\\Http\\Kernel->sendRequestThroughRouter()
#42 /home/velriders/htdocs/velriders.com/public/index.php(51): Illuminate\\Foundation\\Http\\Kernel->handle()
#43 {main}
"} 
[2026-07-07 21:41:06] production.ERROR: Attempt to read property "latitude" on null {"userId":40,"exception":"[object] (ErrorException(code: 0): Attempt to read property \"latitude\" on null at /home/velriders/htdocs/velriders.com/app/Http/Controllers/CarhostAppApis/V1/CarHostVehicleController.php:402)
[stacktrace]
#0 /home/velriders/htdocs/velriders.com/vendor/laravel/framework/src/Illuminate/Foundation/Bootstrap/HandleExceptions.php(255): Illuminate\\Foundation\\Bootstrap\\HandleExceptions->handleError()
#1 /home/velriders/htdocs/velriders.com/app/Http/Controllers/CarhostAppApis/V1/CarHostVehicleController.php(402): Illuminate\\Foundation\\Bootstrap\\HandleExceptions->Illuminate\\Foundation\\Bootstrap\\{closure}()
#2 /home/velriders/htdocs/velriders.com/vendor/laravel/framework/src/Illuminate/Routing/Controller.php(54): App\\Http\\Controllers\\CarhostAppApis\\V1\\CarHostVehicleController->storePickupLocationDetails()
#3 /home/velriders/htdocs/velriders.com/vendor/laravel/framework/src/Illuminate/Routing/ControllerDispatcher.php(43): Illuminate\\Routing\\Controller->callAction()
#4 /home/velriders/htdocs/velriders.com/vendor/laravel/framework/src/Illuminate/Routing/Route.php(259): Illuminate\\Routing\\ControllerDispatcher->dispatch()
#5 /home/velriders/htdocs/velriders.com/vendor/laravel/framework/src/Illuminate/Routing/Route.php(205): Illuminate\\Routing\\Route->runController()
#6 /home/velriders/htdocs/velriders.com/vendor/laravel/framework/src/Illuminate/Routing/Router.php(806): Illuminate\\Routing\\Route->run()
#7 /home/velriders/htdocs/velriders.com/vendor/laravel/framework/src/Illuminate/Pipeline/Pipeline.php(144): Illuminate\\Routing\\Router->Illuminate\\Routing\\{closure}()
#8 /home/velriders/htdocs/velriders.com/app/Http/Middleware/CarHostAuth.php(49): Illuminate\\Pipeline\\Pipeline->Illuminate\\Pipeline\\{closure}()
#9 /home/velriders/htdocs/velriders.com/vendor/laravel/framework/src/Illuminate/Pipeline/Pipeline.php(183): App\\Http\\Middleware\\CarHostAuth->handle()
#10 /home/velriders/htdocs/velriders.com/vendor/laravel/framework/src/Illuminate/Routing/Middleware/SubstituteBindings.php(50): Illuminate\\Pipeline\\Pipeline->Illuminate\\Pipeline\\{closure}()
#11 /home/velriders/htdocs/velriders.com/vendor/laravel/framework/src/Illuminate/Pipeline/Pipeline.php(183): Illuminate\\Routing\\Middleware\\SubstituteBindings->handle()
#12 /home/velriders/htdocs/velriders.com/vendor/laravel/framework/src/Illuminate/Routing/Middleware/ThrottleRequests.php(159): Illuminate\\Pipeline\\Pipeline->Illuminate\\Pipeline\\{closure}()
#13 /home/velriders/htdocs/velriders.com/vendor/laravel/framework/src/Illuminate/Routing/Middleware/ThrottleRequests.php(90): Illuminate\\Routing\\Middleware\\ThrottleRequests->handleRequest()
#14 /home/velriders/htdocs/velriders.com/vendor/laravel/framework/src/Illuminate/Pipeline/Pipeline.php(183): Illuminate\\Routing\\Middleware\\ThrottleRequests->handle()
#15 /home/velriders/htdocs/velriders.com/vendor/laravel/framework/src/Illuminate/Session/Middleware/StartSession.php(121): Illuminate\\Pipeline\\Pipeline->Illuminate\\Pipeline\\{closure}()
#16 /home/velriders/htdocs/velriders.com/vendor/laravel/framework/src/Illuminate/Session/Middleware/StartSession.php(64): Illuminate\\Session\\Middleware\\StartSession->handleStatefulRequest()
#17 /home/velriders/htdocs/velriders.com/vendor/laravel/framework/src/Illuminate/Pipeline/Pipeline.php(183): Illuminate\\Session\\Middleware\\StartSession->handle()
#18 /home/velriders/htdocs/velriders.com/vendor/laravel/framework/src/Illuminate/Pipeline/Pipeline.php(119): Illuminate\\Pipeline\\Pipeline->Illuminate\\Pipeline\\{closure}()
#19 /home/velriders/htdocs/velriders.com/vendor/laravel/framework/src/Illuminate/Routing/Router.php(805): Illuminate\\Pipeline\\Pipeline->then()
#20 /home/velriders/htdocs/velriders.com/vendor/laravel/framework/src/Illuminate/Routing/Router.php(784): Illuminate\\Routing\\Router->runRouteWithinStack()
#21 /home/velriders/htdocs/velriders.com/vendor/laravel/framework/src/Illuminate/Routing/Router.php(748): Illuminate\\Routing\\Router->runRoute()
#22 /home/velriders/htdocs/velriders.com/vendor/laravel/framework/src/Illuminate/Routing/Router.php(737): Illuminate\\Routing\\Router->dispatchToRoute()
#23 /home/velriders/htdocs/velriders.com/vendor/laravel/framework/src/Illuminate/Foundation/Http/Kernel.php(200): Illuminate\\Routing\\Router->dispatch()
#24 /home/velriders/htdocs/velriders.com/vendor/laravel/framework/src/Illuminate/Pipeline/Pipeline.php(144): Illuminate\\Foundation\\Http\\Kernel->Illuminate\\Foundation\\Http\\{closure}()
#25 /home/velriders/htdocs/velriders.com/vendor/laravel/framework/src/Illuminate/Foundation/Http/Middleware/TransformsRequest.php(21): Illuminate\\Pipeline\\Pipeline->Illuminate\\Pipeline\\{closure}()
#26 /home/velriders/htdocs/velriders.com/vendor/laravel/framework/src/Illuminate/Foundation/Http/Middleware/ConvertEmptyStringsToNull.php(31): Illuminate\\Foundation\\Http\\Middleware\\TransformsRequest->handle()
#27 /home/velriders/htdocs/velriders.com/vendor/laravel/framework/src/Illuminate/Pipeline/Pipeline.php(183): Illuminate\\Foundation\\Http\\Middleware\\ConvertEmptyStringsToNull->handle()
#28 /home/velriders/htdocs/velriders.com/vendor/laravel/framework/src/Illuminate/Foundation/Http/Middleware/TransformsRequest.php(21): Illuminate\\Pipeline\\Pipeline->Illuminate\\Pipeline\\{closure}()
#29 /home/velriders/htdocs/velriders.com/vendor/laravel/framework/src/Illuminate/Foundation/Http/Middleware/TrimStrings.php(40): Illuminate\\Foundation\\Http\\Middleware\\TransformsRequest->handle()
#30 /home/velriders/htdocs/velriders.com/vendor/laravel/framework/src/Illuminate/Pipeline/Pipeline.php(183): Illuminate\\Foundation\\Http\\Middleware\\TrimStrings->handle()
#31 /home/velriders/htdocs/velriders.com/vendor/laravel/framework/src/Illuminate/Foundation/Http/Middleware/ValidatePostSize.php(27): Illuminate\\Pipeline\\Pipeline->Illuminate\\Pipeline\\{closure}()
#32 /home/velriders/htdocs/velriders.com/vendor/laravel/framework/src/Illuminate/Pipeline/Pipeline.php(183): Illuminate\\Foundation\\Http\\Middleware\\ValidatePostSize->handle()
#33 /home/velriders/htdocs/velriders.com/vendor/laravel/framework/src/Illuminate/Foundation/Http/Middleware/PreventRequestsDuringMaintenance.php(99): Illuminate\\Pipeline\\Pipeline->Illuminate\\Pipeline\\{closure}()
#34 /home/velriders/htdocs/velriders.com/vendor/laravel/framework/src/Illuminate/Pipeline/Pipeline.php(183): Illuminate\\Foundation\\Http\\Middleware\\PreventRequestsDuringMaintenance->handle()
#35 /home/velriders/htdocs/velriders.com/vendor/laravel/framework/src/Illuminate/Http/Middleware/HandleCors.php(62): Illuminate\\Pipeline\\Pipeline->Illuminate\\Pipeline\\{closure}()
#36 /home/velriders/htdocs/velriders.com/vendor/laravel/framework/src/Illuminate/Pipeline/Pipeline.php(183): Illuminate\\Http\\Middleware\\HandleCors->handle()
#37 /home/velriders/htdocs/velriders.com/vendor/laravel/framework/src/Illuminate/Http/Middleware/TrustProxies.php(39): Illuminate\\Pipeline\\Pipeline->Illuminate\\Pipeline\\{closure}()
#38 /home/velriders/htdocs/velriders.com/vendor/laravel/framework/src/Illuminate/Pipeline/Pipeline.php(183): Illuminate\\Http\\Middleware\\TrustProxies->handle()
#39 /home/velriders/htdocs/velriders.com/vendor/laravel/framework/src/Illuminate/Pipeline/Pipeline.php(119): Illuminate\\Pipeline\\Pipeline->Illuminate\\Pipeline\\{closure}()
#40 /home/velriders/htdocs/velriders.com/vendor/laravel/framework/src/Illuminate/Foundation/Http/Kernel.php(175): Illuminate\\Pipeline\\Pipeline->then()
#41 /home/velriders/htdocs/velriders.com/vendor/laravel/framework/src/Illuminate/Foundation/Http/Kernel.php(144): Illuminate\\Foundation\\Http\\Kernel->sendRequestThroughRouter()
#42 /home/velriders/htdocs/velriders.com/public/index.php(51): Illuminate\\Foundation\\Http\\Kernel->handle()
#43 {main}
"} 
[2026-07-07 22:09:38] production.ERROR: Token has expired and can no longer be refreshed {"userId":23284,"exception":"[object] (PHPOpenSourceSaver\\JWTAuth\\Exceptions\\TokenExpiredException(code: 0): Token has expired and can no longer be refreshed at /home/velriders/htdocs/velriders.com/vendor/php-open-source-saver/jwt-auth/src/Claims/IssuedAt.php:48)
[stacktrace]
#0 [internal function]: PHPOpenSourceSaver\\JWTAuth\\Claims\\IssuedAt->validateRefresh()
#1 /home/velriders/htdocs/velriders.com/vendor/php-open-source-saver/jwt-auth/src/Claims/Collection.php(57): call_user_func_array()
#2 /home/velriders/htdocs/velriders.com/vendor/laravel/framework/src/Illuminate/Collections/Traits/EnumeratesValues.php(240): PHPOpenSourceSaver\\JWTAuth\\Claims\\Collection->PHPOpenSourceSaver\\JWTAuth\\Claims\\{closure}()
#3 /home/velriders/htdocs/velriders.com/vendor/php-open-source-saver/jwt-auth/src/Claims/Collection.php(56): Illuminate\\Support\\Collection->each()
#4 /home/velriders/htdocs/velriders.com/vendor/php-open-source-saver/jwt-auth/src/Validators/PayloadValidator.php(92): PHPOpenSourceSaver\\JWTAuth\\Claims\\Collection->validate()
#5 /home/velriders/htdocs/velriders.com/vendor/php-open-source-saver/jwt-auth/src/Validators/PayloadValidator.php(52): PHPOpenSourceSaver\\JWTAuth\\Validators\\PayloadValidator->validateRefresh()
#6 /home/velriders/htdocs/velriders.com/vendor/php-open-source-saver/jwt-auth/src/Payload.php(42): PHPOpenSourceSaver\\JWTAuth\\Validators\\PayloadValidator->check()
#7 /home/velriders/htdocs/velriders.com/vendor/php-open-source-saver/jwt-auth/src/Factory.php(179): PHPOpenSourceSaver\\JWTAuth\\Payload->__construct()
#8 /home/velriders/htdocs/velriders.com/vendor/php-open-source-saver/jwt-auth/src/Factory.php(86): PHPOpenSourceSaver\\JWTAuth\\Factory->withClaims()
#9 /home/velriders/htdocs/velriders.com/vendor/php-open-source-saver/jwt-auth/src/Manager.php(107): PHPOpenSourceSaver\\JWTAuth\\Factory->make()
#10 /home/velriders/htdocs/velriders.com/vendor/php-open-source-saver/jwt-auth/src/Manager.php(133): PHPOpenSourceSaver\\JWTAuth\\Manager->decode()
#11 /home/velriders/htdocs/velriders.com/vendor/php-open-source-saver/jwt-auth/src/JWT.php(99): PHPOpenSourceSaver\\JWTAuth\\Manager->refresh()
#12 /home/velriders/htdocs/velriders.com/vendor/php-open-source-saver/jwt-auth/src/JWTGuard.php(225): PHPOpenSourceSaver\\JWTAuth\\JWT->refresh()
#13 /home/velriders/htdocs/velriders.com/app/Http/Controllers/FrontAppApis/V1/CustomerController.php(1231): PHPOpenSourceSaver\\JWTAuth\\JWTGuard->refresh()
#14 /home/velriders/htdocs/velriders.com/vendor/laravel/framework/src/Illuminate/Routing/Controller.php(54): App\\Http\\Controllers\\FrontAppApis\\V1\\CustomerController->refresh()
#15 /home/velriders/htdocs/velriders.com/vendor/laravel/framework/src/Illuminate/Routing/ControllerDispatcher.php(43): Illuminate\\Routing\\Controller->callAction()
#16 /home/velriders/htdocs/velriders.com/vendor/laravel/framework/src/Illuminate/Routing/Route.php(259): Illuminate\\Routing\\ControllerDispatcher->dispatch()
#17 /home/velriders/htdocs/velriders.com/vendor/laravel/framework/src/Illuminate/Routing/Route.php(205): Illuminate\\Routing\\Route->runController()
#18 /home/velriders/htdocs/velriders.com/vendor/laravel/framework/src/Illuminate/Routing/Router.php(806): Illuminate\\Routing\\Route->run()
#19 /home/velriders/htdocs/velriders.com/vendor/laravel/framework/src/Illuminate/Pipeline/Pipeline.php(144): Illuminate\\Routing\\Router->Illuminate\\Routing\\{closure}()
#20 /home/velriders/htdocs/velriders.com/vendor/laravel/framework/src/Illuminate/Routing/Middleware/SubstituteBindings.php(50): Illuminate\\Pipeline\\Pipeline->Illuminate\\Pipeline\\{closure}()
#21 /home/velriders/htdocs/velriders.com/vendor/laravel/framework/src/Illuminate/Pipeline/Pipeline.php(183): Illuminate\\Routing\\Middleware\\SubstituteBindings->handle()
#22 /home/velriders/htdocs/velriders.com/vendor/laravel/framework/src/Illuminate/Routing/Middleware/ThrottleRequests.php(159): Illuminate\\Pipeline\\Pipeline->Illuminate\\Pipeline\\{closure}()
#23 /home/velriders/htdocs/velriders.com/vendor/laravel/framework/src/Illuminate/Routing/Middleware/ThrottleRequests.php(90): Illuminate\\Routing\\Middleware\\ThrottleRequests->handleRequest()
#24 /home/velriders/htdocs/velriders.com/vendor/laravel/framework/src/Illuminate/Pipeline/Pipeline.php(183): Illuminate\\Routing\\Middleware\\ThrottleRequests->handle()
#25 /home/velriders/htdocs/velriders.com/vendor/laravel/framework/src/Illuminate/Auth/Middleware/Authenticate.php(57): Illuminate\\Pipeline\\Pipeline->Illuminate\\Pipeline\\{closure}()
#26 /home/velriders/htdocs/velriders.com/vendor/laravel/framework/src/Illuminate/Pipeline/Pipeline.php(183): Illuminate\\Auth\\Middleware\\Authenticate->handle()
#27 /home/velriders/htdocs/velriders.com/vendor/laravel/framework/src/Illuminate/Session/Middleware/StartSession.php(121): Illuminate\\Pipeline\\Pipeline->Illuminate\\Pipeline\\{closure}()
#28 /home/velriders/htdocs/velriders.com/vendor/laravel/framework/src/Illuminate/Session/Middleware/StartSession.php(64): Illuminate\\Session\\Middleware\\StartSession->handleStatefulRequest()
#29 /home/velriders/htdocs/velriders.com/vendor/laravel/framework/src/Illuminate/Pipeline/Pipeline.php(183): Illuminate\\Session\\Middleware\\StartSession->handle()
#30 /home/velriders/htdocs/velriders.com/vendor/laravel/framework/src/Illuminate/Pipeline/Pipeline.php(119): Illuminate\\Pipeline\\Pipeline->Illuminate\\Pipeline\\{closure}()
#31 /home/velriders/htdocs/velriders.com/vendor/laravel/framework/src/Illuminate/Routing/Router.php(805): Illuminate\\Pipeline\\Pipeline->then()
#32 /home/velriders/htdocs/velriders.com/vendor/laravel/framework/src/Illuminate/Routing/Router.php(784): Illuminate\\Routing\\Router->runRouteWithinStack()
#33 /home/velriders/htdocs/velriders.com/vendor/laravel/framework/src/Illuminate/Routing/Router.php(748): Illuminate\\Routing\\Router->runRoute()
#34 /home/velriders/htdocs/velriders.com/vendor/laravel/framework/src/Illuminate/Routing/Router.php(737): Illuminate\\Routing\\Router->dispatchToRoute()
#35 /home/velriders/htdocs/velriders.com/vendor/laravel/framework/src/Illuminate/Foundation/Http/Kernel.php(200): Illuminate\\Routing\\Router->dispatch()
#36 /home/velriders/htdocs/velriders.com/vendor/laravel/framework/src/Illuminate/Pipeline/Pipeline.php(144): Illuminate\\Foundation\\Http\\Kernel->Illuminate\\Foundation\\Http\\{closure}()
#37 /home/velriders/htdocs/velriders.com/vendor/laravel/framework/src/Illuminate/Foundation/Http/Middleware/TransformsRequest.php(21): Illuminate\\Pipeline\\Pipeline->Illuminate\\Pipeline\\{closure}()
#38 /home/velriders/htdocs/velriders.com/vendor/laravel/framework/src/Illuminate/Foundation/Http/Middleware/ConvertEmptyStringsToNull.php(31): Illuminate\\Foundation\\Http\\Middleware\\TransformsRequest->handle()
#39 /home/velriders/htdocs/velriders.com/vendor/laravel/framework/src/Illuminate/Pipeline/Pipeline.php(183): Illuminate\\Foundation\\Http\\Middleware\\ConvertEmptyStringsToNull->handle()
#40 /home/velriders/htdocs/velriders.com/vendor/laravel/framework/src/Illuminate/Foundation/Http/Middleware/TransformsRequest.php(21): Illuminate\\Pipeline\\Pipeline->Illuminate\\Pipeline\\{closure}()
#41 /home/velriders/htdocs/velriders.com/vendor/laravel/framework/src/Illuminate/Foundation/Http/Middleware/TrimStrings.php(40): Illuminate\\Foundation\\Http\\Middleware\\TransformsRequest->handle()
#42 /home/velriders/htdocs/velriders.com/vendor/laravel/framework/src/Illuminate/Pipeline/Pipeline.php(183): Illuminate\\Foundation\\Http\\Middleware\\TrimStrings->handle()
#43 /home/velriders/htdocs/velriders.com/vendor/laravel/framework/src/Illuminate/Foundation/Http/Middleware/ValidatePostSize.php(27): Illuminate\\Pipeline\\Pipeline->Illuminate\\Pipeline\\{closure}()
#44 /home/velriders/htdocs/velriders.com/vendor/laravel/framework/src/Illuminate/Pipeline/Pipeline.php(183): Illuminate\\Foundation\\Http\\Middleware\\ValidatePostSize->handle()
#45 /home/velriders/htdocs/velriders.com/vendor/laravel/framework/src/Illuminate/Foundation/Http/Middleware/PreventRequestsDuringMaintenance.php(99): Illuminate\\Pipeline\\Pipeline->Illuminate\\Pipeline\\{closure}()
#46 /home/velriders/htdocs/velriders.com/vendor/laravel/framework/src/Illuminate/Pipeline/Pipeline.php(183): Illuminate\\Foundation\\Http\\Middleware\\PreventRequestsDuringMaintenance->handle()
#47 /home/velriders/htdocs/velriders.com/vendor/laravel/framework/src/Illuminate/Http/Middleware/HandleCors.php(62): Illuminate\\Pipeline\\Pipeline->Illuminate\\Pipeline\\{closure}()
#48 /home/velriders/htdocs/velriders.com/vendor/laravel/framework/src/Illuminate/Pipeline/Pipeline.php(183): Illuminate\\Http\\Middleware\\HandleCors->handle()
#49 /home/velriders/htdocs/velriders.com/vendor/laravel/framework/src/Illuminate/Http/Middleware/TrustProxies.php(39): Illuminate\\Pipeline\\Pipeline->Illuminate\\Pipeline\\{closure}()
#50 /home/velriders/htdocs/velriders.com/vendor/laravel/framework/src/Illuminate/Pipeline/Pipeline.php(183): Illuminate\\Http\\Middleware\\TrustProxies->handle()
#51 /home/velriders/htdocs/velriders.com/vendor/laravel/framework/src/Illuminate/Pipeline/Pipeline.php(119): Illuminate\\Pipeline\\Pipeline->Illuminate\\Pipeline\\{closure}()
#52 /home/velriders/htdocs/velriders.com/vendor/laravel/framework/src/Illuminate/Foundation/Http/Kernel.php(175): Illuminate\\Pipeline\\Pipeline->then()
#53 /home/velriders/htdocs/velriders.com/vendor/laravel/framework/src/Illuminate/Foundation/Http/Kernel.php(144): Illuminate\\Foundation\\Http\\Kernel->sendRequestThroughRouter()
#54 /home/velriders/htdocs/velriders.com/public/index.php(51): Illuminate\\Foundation\\Http\\Kernel->handle()
#55 {main}
"} 
